seller_pk,seller_id,seller_zip_code_prefix,seller_city,seller_state
1,0015a82c2db000af6aaaf3ae2ecb0532,9080,santo andre,SP
2,001cca7ae9ae17fb1caed9dfb1094831,29156,cariacica,ES
3,004c9cd9d87a3c30c522c48c4fc07416,14940,ibitinga,SP
4,00ee68308b45bc5e2660cd833c3f81cc,3333,sao paulo,SP
5,00fc707aaaad2d31347cf883cd2dfe10,87025,maringa,PR
6,014c0679dd340a0e338872e7ec85666a,35180,timoteo,MG
7,014d9a685fd57276679edd00e07089e5,87015,maringa,PR
8,0176f73cc1195f367f7b32db1e5b3aa8,14940,ibitinga,SP
9,01c97ebb5cdac52891c0ed1c37ba0012,15804,catanduva,SP
10,01cf7e3d21494c41fb86034f2e714fa1,85603,francisco beltrao,PR
11,01fd077212124329bac32490e8ef80d9,14079,ribeirao preto / sao paulo,SP
12,01fdefa7697d26ad920e9e0346d4bd1b,86050,londrina,PR
13,0241d4d5d36f10f80c644447315af0bd,80330,curitiba,PR
14,02a2272692e13558373c66db98f05e2e,20040,rio de janeiro,RJ
15,02ecc2a19303f05e59ce133fd923fff7,9121,santo andre,SP
16,02f623a8eb246f3c5f7c2f96462654e6,18611,botucatu,SP
17,034b9387752bfa309f350a70cd45ffa3,89036,blumenau,SC
18,039e6ad9dae79614493083e241147386,3560,sao paulo,SP
19,03a2a6dcbe45d639c4dc2a0d24769c40,9340,maua,SP
20,0417b067eeab773d2f7061a726dc477f,89288,sao bento do sul,SC
21,04308b1ee57b6625f47df1d56f00eedf,88215,bombinhas,SC
22,0432ead42b6c8a0bdf68154add917fdf,9320,maua,SP
23,048c2757535328e0d7dac690ad3c0aae,14406,franca,SP
24,04aa0a1c5ce6b222003403a3e11c3cc0,13150,cosmopolis,SP
25,04aba03279157f6d4e0fe8ccaf21963c,28470,santo antonio de padua,RJ
26,04e38a233f726ef161074ab1c9b0399a,1239,sao paulo,SP
27,04fdea0c111866e6cf812f1570d6b5bd,8411,sao paulo,SP
28,0509040ea3fe50071181bbc359eb7738,31710,belo horizonte,MG
29,054694fa03fe82cec4b7551487331d74,15840,itajobi,SP
30,056b4ada5bbc2c50cc7842547dda6b51,26379,queimados,RJ
31,05730013efda596306417c3b09302475,88813,criciuma,SC
32,058fd0aa2bfdb2274e05e1ae971dabb6,9020,santo andre,SP
33,05d2173d43ea568aa0540eba70d2ca76,37135,alfenas,MG
34,05f51e13da97139648b8125c31e5f51b,31910,belo horizonte,MG
35,062ce95fa2ad4dfaedfc79260130565f,95913,lajeado,RS
36,06579cb253ecd5a3a12a9e6eb6bf8f47,4007,sao paulo - sp,SP
37,066a6914e1ebf3ea95a216c73a986b91,85863,foz do iguacu,PR
38,06a2c3af7b3aee5d69171b0e14f0ee87,65072,sao luis,MA
39,06bb3a2fe5e7b7a845b13e8fb91bd944,31844,belo horizonte,MG
40,06df0c10d34e459d9672bc77388742eb,87045,maringa,PR
41,06e5eefc71ec47ae763c5c6f8db7064f,91350,porto alegre,RS
42,07017df32dc5f2f1d2801e579548d620,58030,joao pessoa,PB
43,070d165398b553f3b4b851c216b8a358,3916,sao paulo,SP
44,0725b8c0f3f906e58f70cbe76b7c748c,7023,guarulhos,SP
45,0743a0239d764b9a0f959a57d07e36ab,3138,sao paulo,SP
46,0747d5bb69f0586cc869d8af4c50f93e,28990,saquarema,RJ
47,080102cd0a76b09e0dcf55fcacc60e05,31140,belo horizonte,MG
48,080199a181c46c657dc5aa235411be3b,6097,osasco,SP
49,08084d990eb3f53af056ccbc1730c8a7,3612,sao paulo,SP
50,082e0bf4cb865a6533b1e8e498cc0255,18608,botucatu,SP
51,08633c14ef2db992c11f840f04fad4cd,9416,ribeirao pires,SP
52,0885aaf116795758dfeb5f1032487bcd,8541,ferraz de vasconcelos,SP
53,08ad4ac1388e4420ca531c3edfc46198,6663,itapevi,SP
54,08cdbae123ff67ca4e36d9d641ce0119,36504,uba,MG
55,08d0949a9a17c027262db1f3c450c26c,85804,cascavel,PR
56,08f5819815f3d06545011850bd70f0a8,11075,santos,SP
57,093805f8f2aeb63881444571e1f48f30,6236,osasco,SP
58,094ced053e257ae8cae57205592d6712,14095,ribeirao preto,SP
59,0951a6e282947e09cd47969f4ed0b47f,6763,taboao da serra,SP
60,09883d9ab71c8fe8a9bfc7fc3075b07e,8180,sao paulo,SP
61,09bad886111255c5b5030314fc7f1a4a,1022,sao paulo,SP
62,09f952a5f58d2285b0372551ae8f9b01,9725,sao bernardo do campo,SP
63,0a85ebe4e328db81ac9109781205e2f7,13205,jundiai,SP
64,0ac4201fda2c68ebc0e47cb9423cf3c9,3345,sao paulo,SP
65,0ad80de75c811326389cfb1daba7d45e,20261,rio de janeiro,RJ
66,0adac9fbd9a2b63cccaac4f8756c1ca8,13290,louveira,SP
67,0aea4c6ae1505b3228ddf3dd7822ee5b,18080,sorocaba,SP
68,0afccdb8a34ee5c79f7c06faf2b4d56e,38400,uberlandia,MG
69,0b35c634521043bf4b47e21547b99ab5,84530,teixeira soares,PR
70,0b90b6df587eb83608a64ea8b390cf07,87025,maringa,PR
71,0bae85eb84b9fb3bd773911e89288d54,88301,itajai,SP
72,0bb738e4d789e63e2267697c42d35a2d,18130,sao roque,SP
73,0be8ff43f22e456b4e0371b2245e4d01,4461,sao paulo,SP
74,0bf0150d5b9d60d9cd2906003332f085,1547,sao paulo,SP
75,0c7533c71df861ec58ad7ff999ed0e8d,13270,valinhos,SP
76,0c7f30ae9b147eca07affbef92832a6a,84020,ponta grossa,PR
77,0c8380b62e38e8a1e6adbeba7eb9688c,37410,tres coracoes,MG
78,0cbcee27c791afa0cdcb08587a2013a8,37410,tres coracoes,MG
79,0d33a55da925bbf1ff02af5f6059fc7f,5632,sao paulo,SP
80,0d85bbda9889ce1f7e63778d24f346eb,38414,uberlandia,MG
81,0db783cfcd3b73998abc6e10e59a102f,11010,santos,SP
82,0dd184061fb0eaa7ca37932c68ab91c5,7031,guarulhos,SP
83,0df3984f9dfb3d49ac6366acbd3bbb85,32604,betim,MG
84,0ea22c1cfbdc755f86b9b54b39c16043,35700,sete lagoas,MG
85,0ebd97a106433a45a4aebe57c1799778,32240,contagem,MG
86,0ed6ce5d87fd9c69eaacaeb778d67235,13473,americana,SP
87,0ef83d7d83ed97cd2a0049ac8be5f88a,80230,curitiba,PR
88,0ffa40d54288e4f3499b8780dd0f144f,19013,presidente prudente,SP
89,10076e5788b8ee532724bcd460baf762,14315,batatais,SP
90,1025f0e2d44d7041d6cf58b6550e0bfa,3204,sao paulo,SP
91,10264f60a8f0a4d2f30810f5c661c673,13090,campinas,SP
92,10ff823eda2b032e2c93d17a7d294736,17280,pederneiras,SP
93,1127b7f2594683f2510f1c2c834a486b,13087,campinas,SP
94,11305281b50fff20ae8bb473f8e11876,36500,uba,MG
95,113e3a788b935f48aad63e1c41dac1bd,12570,aparecida,SP
96,116ccb1a1604bc88e4d234a8c23f33de,9850,sao bernardo do campo,SP
97,11742f81550ac064cc9a40f67151d9ad,15810,catanduva,SP
98,11bfa66332777660bd0640ee84d47006,14085,ribeirao preto,SP
99,11d4c477d09821164bca4f70a2eae031,14075,ribeirao preto,SP
100,120476eb7a04c149d14772edaf5d9bf2,23954,angra dos reis,RJ
101,128639473a139ac0f3e5f5ade55873a5,87050,maringa,PR
102,128f9bfbe4c7d5185033914b1de3d39a,12940,atibaia,SP
103,12b9676b00f60f3b700e83af21824c0e,95780,montenegro,RS
104,12c2ed9cded6138cf0c75f525f565fc7,11709,praia grande,SP
105,13074f016982ff2bd6c58ced8682f000,95705,bento goncalves,RS
106,131fcb0a0c9a47bba4474aacff0f14b7,1201,sao paulo,SP
107,1354d51653f645349064725ed204e85e,1230,sao paulo,SP
108,138dbe45fc62f1e244378131a6801526,2215,sao paulo,SP
109,13d058e4eeac2ce8217660b2f8a05812,6080,osasco,SP
110,1464afc72f696af775557a821c2e253f,28630,nova friburgo,RJ
111,14a08204d03bb6b6bde8029f801ae0eb,1026,sao paulo,SP
112,152ee17e4c8aaf53dac99f3462e4999b,89248,garuva,SC
113,154bdf805377afea75a3bd158e9eab10,14940,ibitinga,SP
114,1554a68530182680ad5c8b042c3ab563,37580,monte siao,MG
115,157c3e4b42f81ac4a44e8b1ca2fe9876,3211,sao paulo,SP
116,15aac934c58d886785ac1b17953ea898,29480,muqui,ES
117,15cd6eefe58588619aaed41dfa6621b1,35400,ouro preto,MG
118,16090f2ca825584b5a147ab24aa30c86,12940,atibaia,SP
119,165fc07beebdcb6190fba8a06db2a449,87015,maringa,PR
120,1690cada046eb7e92c12f98b1f8a8167,1303,sao paulo,SP
121,1771297ac436903d1dd6b0e9279aa505,7025,guarulhos,SP
122,17908cf9b444ee34047cadd5c0f4a516,75124,anapolis,GO
123,179d859f51292aac5c10806a356f7af9,9411,ribeirao pires,SP
124,17a053fcb14bd219540cbde0df490be0,13843,mogi guacu,SP
125,17ca9b9e9b9ef8fdb529001b49ebb50f,32677,betim,MG
126,17e34d8224d27a541263c4c64b11a56b,14085,riberao preto,SP
127,17eea220a40cc0d2c0c5346379682398,3565,sao paulo,SP
128,17f51e7198701186712e53a39c564617,3908,sao paulo,SP
129,1835b56ce799e6a4dc4eddc053f04066,14940,ibitinga,SP
130,1838dd9b8977065acf51d95e0053ea7a,30882,belo horizonte,MG
131,18a349e75d307f4b4cc646a691ed4216,1319,sao paulo,SP
132,18e694e0e48ed6f7aa3f24aade5fd697,13224,varzea paulista,SP
133,1900267e848ceeba8fa32d80c1a5f5a8,14940,ibitinga,SP
134,1996942dc085d7773ba77a529b163cd0,14850,pradopolis,SP
135,1a3df491d1c4f1589fc2b934ada68bf2,89224,joinville,SC
136,1a932caad4f9d804097d7f8e615baed1,2976,sao paulo,SP
137,1acde099eb406aa220b1169b188b42da,2532,sao paulo,SP
138,1b45169b635ef59425637e9a33eb5fb3,87050,maringa,PR
139,1b4c3a6f53068f0b6944d2d005c9fc89,88730,sao ludgero,SC
140,1b938a7ec6ac5061a66a3766e0e75f90,16304,penapolis,SP
141,1bb2bdb95f4841f1bba2c0d2cd83d3c9,1257,sao paulo,SP
142,1c129092bf23f28a5930387c980c0dfc,2972,sao paulo,SP
143,1c5e4e49b9079480255b49d50aac1aa9,11030,santos,SP
144,1c68394e931a64f90ea236c5ea590300,87114,sarandi,PR
145,1c742ac33582852aaf3bcfbf5893abcf,30668,belo horizonte,MG
146,1ca7077d890b907f89be8c954a02686a,6506,santana de parnaiba,SP
147,1ce3ae5a399804d1a87e706f8a813c3e,88715,jaguaruna,SC
148,1d2732ef8321502ee8488e8bed1ab8cd,20031,rio de janeiro,RJ
149,1d4587203296c8f4ad134dc286fa6db0,5101,sao paulo,SP
150,1d503743d2526f03f0c2c89540ee008c,1035,sao paulo,SP
151,1d8dbc4f32378d715c717c1c1fc57bae,86706,arapongas,PR
152,1da366cade6d8276e7d8beea7af5d4bf,36500,uba,MG
153,1da3aeb70d7989d1e6d9b0e887f97c23,4265,sao paulo,SP
154,1dcfa3835714681d4ba4a93bc1e0fd41,16200,birigui,SP
155,1dfe5347016252a7884b694d4f10f5c4,14940,ibitinga,SP
156,1e8b33f18b4f7598d87f5cbee2282cc2,2066,sao paulo,SP
157,1eade46fba20122dc4aefb379f8c636b,2066,sao paulo,SP
158,1f1bb1f0859883505541bdd6606193e5,2124,sao paulo,SP
159,1f50f920176fa81dab994f9023523100,15025,sao jose do rio preto,SP
160,1f867308a0ce13133a4e639ff4de0c02,82510,curitiba,PR
161,1f9ab4708f3056ede07124aad39a2554,17602,tupa,SP
162,1fdc574883ef3b33ad41562d93f3a74a,13480,limeira,SP
163,1fe5540d7c1c37a595fefbacd5570d9e,25850,paraiba do sul,RJ
164,2089a6d640999f9b9141ac719b2af596,13566,sao carlos,SP
165,20d83f3ef0e6925fd74bfd59170babf7,2804,sao paulo,SP
166,2138ccb85b11a4ec1e37afbd1c8eda1f,8250,sao paulo,SP
167,213b25e6f54661939f11710a6fddb871,13321,salto,SP
168,2156f2671501a81034d7d07f217609d0,4776,sp,SP
169,218d46b86c1881d022bce9c68a7d4b15,14070,ribeirao preto,SP
170,21c62b998a043ebe31161d38f84929fc,60110,fortaleza,CE
171,229c3efbfb0ea2058de4ccdfbc3d784a,30190,belo horizonte,MG
172,232a6014e7b10cba61c6c2b2ea6bb4b0,16500,cafelandia,SP
173,23613d49c3ac2bd302259e55c06c050c,13660,porto ferreira,SP
174,236585a4ddb5fea9fa40233e2249ed91,95088,caxias do sul,RS
175,238fac594e170b59c6d228f5a4f4f1d9,17300,dois corregos,SP
176,23a0ffca143a15b9b5bbdb7d552f626a,13520,sao pedro,SP
177,23c38debaffe4a25a30fdbd9b586a13f,18110,votorantim,SP
178,23d7c96d4a1160db1c726b248601b25a,13360,capivari,SP
179,23ff42c4bf1f8f16cddb19d8b972974a,37975,itau de minas,MG
180,240b9776d844d37535668549a396af32,24120,niteroi,RJ
181,244c2f1bff6afe1f2eaf9bfe9b2aed38,8832,mogi das cruzes,SP
182,2528513dd95219a6013d4d05176e391a,6060,osasco,SP
183,257e61d3251fb5efb9daadddbc2cf7ca,86804,apucarana,PR
184,259f7b5e6e482c230e5bfaa670b6bb8f,8550,poa,SP
185,25c5c91f63607446a97b143d2d535d31,35680,itauna,MG
186,25cf099de44674fde97473224f9d59ab,6716,cotia,SP
187,25e6ffe976bd75618accfe16cefcbd0d,5503,sao paulo,SP
188,26af45f5dfd967225a832838aa4e24a3,81070,curitiba,PR
189,26d6bbee02420494d471c9f6436929c0,81530,curitiba,PR
190,26d8a1c7c75d513045798992ead43aa2,86800,apucarana,PR
191,26e2c91ef821e1ff8985f408788fe35b,14940,ibitinga,SP
192,270297ead4c65a6cd2593960d2af6b21,4696,sao paulo,SP
193,2745f798279e0ed033addcc1474776d7,3106,sao paulo,SP
194,276677b5d08786d5dce7c2149dcce48b,31730,belo horizonte,MG
195,27a56ff04b34c2ba34ce6ba4d3b9d616,13033,campinas,SP
196,282f23a9769b2690c5dda22e316f9941,31573,belo horizonte,MG
197,28405831a29823802aa22c084cfd0649,3644,sao paulo,SP
198,289cdb325fb7e7f891c38608bf9e0962,31570,belo horizonte,SP
199,28a26ebce31d5918b181ede016fd693b,31950,belo horizonte,MG
200,28c7d8743fbc8679f484868cc0fcaefb,18480,itaporanga,SP
201,28ea411b354f14b1a494be4e79f0ce02,5685,sao paulo,SP
202,28f10b1c5e5abb9d4857745bede6147c,4250,sao paulo,SP
203,293dee954235e4e4e43f129313625ebe,72125,brasilia,DF
204,2953ce3a88f5e3c3b696d77fc9e4c8eb,4270,sao paulo,SP
205,29c322e3f09f886f8bacbe91dfbd979e,97110,santa maria,RS
206,29fe9f200d3fa0c668d2aa1ec7e08dfb,88330,balneario camboriu,SC
207,2a1348e9addc1af5aaa619b1a3679d6b,30494,belo horizonte,MG
208,2a261b5b644fa05f4f2700eb93544f2c,13660,porto ferreira,SP
209,2a5b78b41cd05baeac8df54c6606b92c,35570,formiga,MG
210,2a61c271b1ac763450d846849783e922,9175,santo andre,SP
211,2a6fbeaa7ab9e5d59a35841a8da71ce4,89259,jaragua do sul,SC
212,2a7dc43cecabf23403078e2188437d1d,4142,sao paulo,SP
213,2a84855fd20af891be03bc5924d2b453,30111,belo horizonte,MG
214,2aa3443d7bf9d9bb11133f420d75e083,22713,rio de janeiro,RJ
215,2addf05f476d0637864454e93ba673d5,70856,brasilia,DF
216,2b03ac196f5ed62ac483960fe0fa3b65,2510,sao paulo,SP
217,2b1a40c1daabc6ca280c4b815c101841,35500,divinopolis,MG
218,2b3b9ce054da76a7428df143a567b156,3572,sao paulo,SP
219,2b3e4a2a3ea8e01938cabda2a3e5cc79,4733,sao paulo,SP
220,2ba91c7ad80ff88b23b7db823b43c233,13310,itu,SP
221,2be17df1c49978426251562096c3cc09,88704,tubarao,SC
222,2c2c9832d1bb38c5b0034a3b47d313ee,97050,santa maria,RS
223,2c43fb513632d29b3b58df74816f1b06,30421,belo horizonte,MG
224,2c9e548be18521d1c43cde1c582c6de8,8752,mogi das cruzes,SP
225,2d22fc3089eb907b29ebff50581fb472,27972,macae,RJ
226,2d50d6282f8aa2257819a77bfaa0efe0,14940,ibitinga,SP
227,2d518637f53161b973e01f56ea4bb88e,2992,sao paulo,SP
228,2dee2ce60de9709b1a24083217181a1f,78552,sinop,MT
229,2e13c71026e1a39ba5cc1b86dcb679aa,2265,sao paulo,SP
230,2e1a7d075abe038c1b2743005fe42ff1,3461,sao paulo,SP
231,2e1c9f22be269ef4643f826c9e650a52,4850,sao paulo,SP
232,2e3be8a987a30d7544dbbda6861cc14e,30620,belo horizonte,MG
233,2e7ea2aafec5835e781b21d6d1faf1f1,2820,sao paulo,SP
234,2e90cb1677d35cfe24eef47d441b7c87,2285,sao paulo,SP
235,2ea0861cc19e94cad86438c984c52da4,3731,sao paulo,SP
236,2eb70248d66e0e3ef83659f71b244378,13101,campinas,SP
237,2f09f7d37a97956d11cc1a7cadd5262b,14090,ribeirao preto,SP
238,2f4b0d3b9634b647d4edee577d7ebb7e,2310,sao paulo,SP
239,2f9b7ce230a057a98a9f5df5893ee36c,6460,barueri,SP
240,2ff97219cb8622eaf3cd89b7d9c09824,13320,salto,SP
241,3078096983cf766a32a06257648502d1,13720,scao jose do rio pardo,SP
242,30829ded4523ab9224b93bc49a62c95f,95360,parai,RS
243,3092c0b297aacfb4bb6e056ebe13b9b8,7402,aruja,SP
244,30a2f535bb48308f991d0b9ad4a8c4bb,13457,santa barbara d'oeste,SP
245,30a81d8cf85fb2ada1b1b094c9583a95,3563,sao paulo,SP
246,31344c16881c08a8a72c6d2eb29918c1,36500,uba,MG
247,31561f325664a8a7aba4c8d0c3a9b3db,3287,sao paulo,SP
248,318f287a62ab7ac10b703ac37435a231,4773,sao paulo,SP
249,31da954dc0855f2495c6310f70a2f931,13601,araras,SP
250,323ce52b5b81df2cd804b017b7f09aa7,3306,sao paulo,SP
251,325f3178fb58e2a9778334621eecdbf9,6790,taboao da serra,SP
252,32b8764b4ef628b53608fc34011fcc13,88504,lages,SC
253,32f1bb9dfa65bc7df5c0d9d95a616be4,4705,sao paulo,SP
254,3340ef1913fb70d28420f6ceb685c339,87040,maringa,PR
255,334cab711dee080b079fa5779b584783,9190,santo andre,SP
256,33576ec5412fb5905d876f12f33bfde6,80040,curitiba,PR
257,3361277dc30b7cccdb0c286b24219756,87015,maringa,PR
258,33a17d60c64393351ebf1ef860f4e0f2,91510,porto alegre,RS
259,33a6f4b1e7cdc205511e76ba1b6e0186,7084,guarulhos,SP
260,33ac3e28642ab8bda860a2f693000e78,6717,cotia,SP
261,33cbbec1e7e1044aaf11d152172c776f,95705,bento goncalves,RS
262,33cbda8716511e27e556dff9d8418bf2,89052,blumenau,SC
263,34056b8b55c1775a22af2331670a799c,16304,penapolis,SP
264,340636a908b13bbe0f4fb63fbe1d0c03,12240,sao jose dos campos,SP
265,343e716476e3748b069f980efbaa294e,13033,campinas,SP
266,3492e68f37fd1df87f4f2f2ea247f445,13322,salto,SP
267,34d1ca11b242c0fee2c834ae8d788566,36415,congonhas,MG
268,3504c0cb71d7fa48d967e0e4c94d59d9,9350,maua,SP
269,3586b8580d9c917874e053a1bb37b5ff,14802,araraquara,SP
270,36890be00bbfc1cdb9a4a38a6af05a69,6040,osasco,SP
271,36a968b544695394e4e9d7572688598f,11010,santos,SP
272,373ee4a3a775a733770ca3f790b8b9ac,22793,rio de janeiro,RJ
273,37515688008a7a40ac93e3b2e4ab203f,17900,dracena,SP
274,376a891762bbdecbc02b4b6adec3fdda,74323,goiania,GO
275,3785b653b1b82de85ab47dd139938091,85640,ampere,PR
276,37be5a7c751166fbc5f8ccba4119e043,4248,sao paulo,SP
277,37ceb404da208418c9032f0674e57804,4615,sao paulo,SP
278,37dd29b36c458d82f74a953c40c43645,13480,limeira,SP
279,38102b031c2a15e54623d711bfc753d3,62170,mucambo,CE
280,381c83fdca332ea6afd896da20bf6e4a,80010,curitiba,PR
281,382229d1e840115ffe3dbf5ff460e417,23092,rio de janeiro,RJ
282,385799a1cddbd26dfeb9157356a42282,4676,sao paulo,SP
283,391fc6631aebcf3004804e51b40bcf1e,14940,ibitinga,SP
284,392e0502231ae2f8b29994ef6398cd77,18760,cerqueira cesar,SP
285,3935fe5fe0f82787a9dcb8deb62be09d,4905,sao paulo,SP
286,3968920b9aa752ab98f7d5888c9252f2,17056,bauru,SP
287,3969863bb8af7f72580b3b1ffd3a17b3,3550,sao paulo,SP
288,397c4d0c005b6f41f90098ac724e28cb,9182,santo andre,SP
289,3985a3c45be355a4c57fde108bfabd1c,95690,rolante,RS
290,398cb257329ef7af7f1943a8974a3cbc,40285,salvador,BA
291,39d54ff918774174706fb065d7f9dc07,4243,sao paulo,SP
292,3a1a1fec38dd360f15fc912e821e169d,2451,sao paulo,SP
293,3a3c180dd702a725bd0ba4117689239e,84600,uniao da vitoria,PR
294,3a4127e1ba7208ea37044c5092aae170,8226,sao paulo,SP
295,3a734b715d333a2588a3d54a0c9b8746,6132,osasco,SP
296,3ab971ce71839580d2ae5b4e40fe8044,3210,sao paulo,SP
297,3ade81dab5a172b88e1871c28ae05260,15076,sao jose do rio preto,SP
298,3b15288545f8928d3e65a8f949a28291,14940,ibitinga,SP
299,3bb32fedaa74e4ad20f4ce067733bd31,88210,porto belo,SC
300,3bb548e3cb7f70f28e3f11ee9dce0e59,87040,maringa,PR
301,3bdff180c7e1f6551a643b99c265a120,4811,sao paulo,SP
302,3be634553519fb6536a03e1358e9fdc7,8275,sao paulo,SP
303,3c010235b7345c92f125d14ee232a76b,83800,mandirituba,PR
304,3c03b12bab54d8b37d79d914bfdb1aa0,25561,sao joao de meriti,RJ
305,3c3017960b2dbd72711a61f0400aab8f,89251,jaragua do sul,SC
306,3c487ae8f8d7542beff5788e2e0aea83,72460,gama,DF
307,3c4e0452bff7a2a788179488d3d77032,83408,colombo,PR
308,3c7c4a49ec3c6550809089c6a2ca9370,3804,sao paulo,SP
309,3ca08eeb8d5595949fed424bd3677742,82510,curitiba,PR
310,3d0cd21d41671c46f82cd11176bf7277,89217,joinville,SC
311,3d290fe363c60a77498c1126fd3fb8d3,6694,itapevi,SP
312,3d4b1ae7539303b5704493798893e82c,3244,sao paulo,SP
313,3d5d0dc7073a299e31fa718ce1bc00b6,22785,rio de janeiro,RJ
314,3d621842b2ed28e2b474132480edac3c,8041,sao paulo,SP
315,3d871de0142ce09b7081e2b9d1733cb1,13232,campo limpo paulista,SP
316,3d8fa2f5b647373c8620330c4e077a9f,3031,sao paulo,SP
317,3db66a856d18a9cba7c9241fc5221c50,35430,ponte nova,MG
318,3dbbce181edfaa4a597ec858c382d2ec,82515,curitiba,PR
319,3df020b72d3d44b3af9d110fa3940b65,15704,jales,SP
320,3dfd3dc96f7f8598eca74e9ac8a2fa31,3343,sao paulo,SP
321,3f3486b61f45078d4f31ee5e43d8c5bb,3035,sao paulo,SP
322,3f8034bfc6b8b4135534975d49f04c63,81560,curitiba,PR
323,3f995f07c49d0d55a99d5c54957f7d81,6853,itapecerica da serra,SP
324,3f9c56764fabca627406093dcb3ef0b4,22745,rio de janeiro,RJ
325,3fd1e727ba94cfe122d165e176ce7967,14802,araraquara,SP
326,404e1ba01358af4cd63f679b2c4d1fa1,36032,juiz de fora,MG
327,406822777a0b9eb5c50e442dd4cd3ec5,18500,tatui,SP
328,40d54b51e962dbe09cabbcfd33298dee,9230,santo andre,SP
329,41ab63a91b8b264e8c8780368bf1dd5b,31555,belo horizonte,MG
330,41b14765bd56c8ad10971074380f9c0c,9070,santo andre,SP
331,41b39e28db005d9731d9d485a83b4c38,9220,santo andre,SP
332,4200ddf1967c5e41e48db62bc6d4b5ac,9710,sao bernardo do campo,SP
333,42b6488f5b8246d9141712abd4b1b693,87014,maringa,PR
334,42b729f859728f5079499127a9c2ef37,3910,sao paulo,SP
335,42bde9fef835393bb8a8849cb6b7f245,71551,brasilia,DF
336,42fa4ee7240e9b8eb4576358ec142ba7,95012,caxias do sul,RS
337,430315b7bb4b6e4b3c978f9dfa9b0558,4857,sao paulo,SP
338,4305fe92735c8a43d154ff6dd2b8d927,35170,coronel fabriciano,MG
339,431af27f296bc6519d890aa5a05fdb11,14110,ribeirao preto,SP
340,4324dd16853115efb0fd9d0d131ba6f4,13720,sao jose do rio pardo,SP
341,432c37c9dfba871172ec162e20118b8c,70235,brasilia,DF
342,4342d4b2ba6b161468c63a7e7cfce593,22793,rio de janeiro,RJ
343,4371b634e0efc0e22b09b52907d9d469,2028,sao paulo,SP
344,439a47cc365d6e3bd526812ea9de3c29,8730,mogi das cruzes,SP
345,43f8c9950d11ecd03a0304a49e010da6,6341,carapicuiba,SP
346,44073f8b7e41514de3b7815dd0237f4f,71070,brasilia,DF
347,440dd6ab244315c632130ecfb63827b1,15502,votuporanga,SP
348,44f091b5abab8018f682fce8124b85e5,2281,sao paulo,SP
349,45213867cefbf2cd4c6177e10216a951,13603,araras,SP
350,4559697a8f7e637227c2eeaed843baff,19029,presidente prudente,SP
351,457fe919b032a3f7dadba6fb92cf7855,13140,paulinia,SP
352,45ba18c210d42734ec52c0c1c574e9ee,18130,sao roque,SP
353,45c20d94d9171b0bcfab3c955e47d67b,13490,cordeiropolis,SP
354,45d33f715e24d15a6ccf5c17b3a23e3c,18015,sorocaba,SP
355,46dc3b2cc0980fb8ec44634e21d2718e,22240,rio de janeiro,RJ
356,4736e9d642ef4257cd7622516931eb51,13424,piracicaba,SP
357,47efca563408aae19bb7206c2d969ea9,64033,teresina,PI
358,48162d548f5b1b11b9d29d1e01f75a61,13403,piracicaba,SP
359,4830e40640734fc1c52cd21127c341d4,3573,sao paulo,SP
360,48436dade18ac8b2bce089ec2a041202,27277,volta redonda,SP
361,4869f7a5dfa277a7dca6462dcf3b52b2,14840,guariba,SP
362,48efc9d94a9834137efd9ea76b065a38,81130,curitiba,PR
363,48fb026ed7455a42f5d3e9390ed5088e,27321,barra mansa,RJ
364,49067458c68f7701fd334ce326accbe0,36050,juiz de fora,MG
365,4917cee8d902e13428c3ec4b1ca6f315,89031,blumenau,SC
366,4992e76a42cb3aad7a7047e0d3d7e729,3334,sao paulo,SP
367,499ec63c58e51296c9cf57edcfe1c8a8,2918,sao paulo,SP
368,49cdc90518a4f82676b38b3c1aa43ff6,3031,sao paulo,SP
369,49e7217cfe4e427191c378ec626d8737,35570,formiga,MG
370,4a1f694197d05fe70026b016a7316b41,13920,pedreira,SP
371,4a3ca9315b744ce9f8e9374361493884,14940,ibitinga,SP
372,4a3ccda38b2129705f3fb522db62ca31,17504,marilia,SP
373,4aba391bc3b88717ce08eb11e44937b2,45816,arraial d'ajuda (porto seguro),BA
374,4b0fdb526525f9890eb145bf1534640e,14940,ibitinga,SP
375,4b5f66b7adcf57f1ecc0d3c07dd6b177,87025,vendas@creditparts.com.br,PR
376,4b9750c8ad28220fe6702d4ecb7c898f,13484,limeira,SP
377,4ba52dfeba874da5b9ee7b17c7494f04,8790,mogi das cruzes,SP
378,4be2e7f96b4fd749d52dff41f80e39dd,69900,rio branco,AC
379,4be6b962d83299498bae2190f95d6566,13561,sao carlos,SP
380,4bfc7a4a1cf8d4d2121c27422d9e50b5,3111,sao paulo,SP
381,4c03b9dd4c11ee2cb35c96c49efc9420,13232,campo limpo paulista,SP
382,4c18691b6037662be2df78a765d98ab5,3167,sao paulo,SP
383,4c2b230173bb36f9b240f2b8ac11786e,3933,sao paulo,SP
384,4c498c7345e89aebad651544829beca0,6341,carapicuiba,SP
385,4c61e37f664c3c88aff092aa5ac779d7,24020,niteroi,RJ
386,4c8b8048e33af2bf94f2eb547746a916,14940,ibitinga,SP
387,4d6d651bd7684af3fffabd5f08d12e5a,17209,jau,SP
388,4d9fea3499bdc22aa4da4e339365f215,4209,sao paulo,SP
389,4da0e408c99d2fdc2126dc9fce518060,86300,cornelio procopio,PR
390,4dc646b9b9e8e411ef48ba000ea3ac6f,13272,valinhos,SP
391,4de6e4ba574aa9dfdc824bc44dc47fdd,83402,colombo,PR
392,4e06067cc08b3f41d837768d392c3ee3,32604,betim,MG
393,4e17c65a516f69d023a2ae78b84f28d6,8673,suzano,SP
394,4e2627090e6e5b9fabba883a37897683,31565,belo horizonte,MG
395,4e42581f08e8cfc7c090f930bac4552a,13660,portoferreira,SP
396,4e5725ba188db8252977a4f0227bd462,14092,ribeirao preto,SP
397,4e7c18b98d84e05cbae3ff0ff03846c2,14882,jaboticabal,SP
398,4e85b538b0dad58852641540686d0e14,12238,sao jose dos campos,SP
399,4e922959ae960d389249c378d1c939f5,12327,jacarei,SP
400,4ebdc7e6cd6102a022dadc49156d4ea8,5030,sao paulo,SP
401,5011f0d93373a4c5753adf58ca77af8d,11013,santos,SP
402,503c1de08ae81a2d86f17951b204db55,3725,sao paulo,SP
403,5058e8c1e82653974541e83690655b4a,8583,itaquaquecetuba,SP
404,50c9975695009e5e6473912e83a6d1da,35530,claudio,MG
405,51209b446b2073894bdc0face6c73ffc,29104,vila velha,ES
406,512d298ac2a96d1931b6bd30aa21f61d,20060,rio de janeiro,RJ
407,5160d23075764e18e07c1f4a87fad743,9720,sao bernardo do campo,SP
408,516e7738bd8f735ac19a010ee5450d8d,22230,rio de janeiro,RJ
409,51702dc2a3e106c76dbff722b5bf0726,13835,conchal,SP
410,520b493b57809f446cb0a233bb3e25c7,11075,santos,SP
411,522620dcb18a6b31cd7bdf73665113a9,85801,cascavel,PR
412,52562a9f449c3dc3d53f5f5b9ed74903,59152,parnamirim,RN
413,527801b552d0077ffd170872eb49683b,17400,garca,SP
414,528bcf6680c36dddf07620bd35b33a6f,3178,sao paulo,SP
415,52ac6f920b7280e4c6d30dd94de6259b,83321,pinhais,PR
416,52f0fe436a347ddad7ed5f9aa4e27eaa,1129,sao paulo,SP
417,52f9db5cfb423382a2fa5c9e39303202,19830,echapora,SP
418,530ec6109d11eaaf87999465c6afee01,85807,cascavel,PR
419,53243585a1d6dc2643021fd1853d8905,42738,lauro de freitas,BA
420,5343d0649eca2a983820bfe93fc4d17e,9270,santo andre,SP
421,534a01cc6df1e034e05c32028a291fa2,13214,jundiai,SP
422,537eb890efff034a88679788b647c564,20270,rio de janeiro,RJ
423,53d00c40e32aeb924a84ce72b1af869d,14940,ibitinga,SP
424,53e4c6e0f4312d4d2107a8c9cddf45cd,13920,pedreira,SP
425,54965bbe3e4f07ae045b90b0b8541f52,85851,foz do iguacu,PR
426,54a1852d1b8f10312c55e906355666ee,13456,santa barbara d'oeste,SP
427,54aa8463e87776b5612f4bdc4bd5d4de,30550,belo horizonte,MG
428,54c04bdb5ec46762f8f08c7e8f86ed4a,88037,florianopolis,SC
429,556a6409838156ea299c9d1f9e2dde43,81200,curitiba,PR
430,55a5b51f93f2b70ea513f5a047b0262a,36301,sao joao del rei,MG
431,55c26bcb609f480eb7868594245febb5,14910,tabatinga,SP
432,55c96925041a14097b6a7825554f4ad5,2122,sao paulo,SP
433,55d3daac7c404d59e51c2aa2f4dc5a23,2150,sao paulo,SP
434,55dedd83e501d8248880557d9073cbfd,22061,rio de janeiro,RJ
435,55f7a3319d80f7fdf078b8f03e6725fe,6056,osasco,SP
436,562f8cfc51f265411f487d07e9c40e7f,30575,belo horizonte,MG
437,562fc2f2c2863ab7e79a9e4388a58a14,13070,campinas,SP
438,5656537e588803a555b8eb41f07a944b,72015,brasilia,DF
439,56642bcb79900e777d68e91915cb4267,3701,sao paulo,SP
440,5670f4db5b62c43d542e1b2d56b0cf7c,3694,sao paulo,SP
441,570d4583587a5fe2d47c7be89b91ad27,2220,sao paulo,SP
442,5721089ba9214e80074f27d5a03fc0eb,1408,sao paulo,SP
443,575df70bde3f9f2b30bf8d2e9910d725,15075,sao jose do rio preto,SP
444,57df9869a600bd6b7c405f2a862eccfb,37540,santa rita do sapucai,MG
445,57e632711dec9ec14ca7546769483e7e,88372,navegantes,SC
446,582d4f8675b945722eda7c0cb61ba4c7,11250,bertioga,SP
447,5882820ef11c4c068eea0677a7a879b4,95082,caxias do sul,RS
448,58f1a6197ed863543e0136bdedb3fce2,36407,conselheiro lafaiete,MG
449,594f9aaa48e5bf431f011ddc5669b0d5,32185,contagem,MG
450,596849622429351f47b32e6cae1055ff,8710,mogi das cruses,SP
451,59b22a78efb79a4797979612b885db36,38414,uberlandia,MG
452,59fb871bf6f4522a87ba567b42dafecf,3655,sao paulo,SP
453,5a05a16bb50629ee31afab8a6d4c2674,95076,caxias do sul,RS
454,5a413ade68e8f8d93071a7f52a64cb9e,3679,sao paulo,SP
455,5a8e7d5003a1f221f9e1d6e411de7c23,13076,campinas,SP
456,5a93f3ab0ef4c84ed5e1b5dbf23978bc,12250,monteiro lobato,SP
457,5ab05b6d86d417796c69ffd6774ec832,19815,assis,SP
458,5abb8ea023c77787f2c15da891c8d384,89228,joinville,SC
459,5b07547f10dd980738a1a27f685af669,7013,guarulhos,SP
460,5b0cc932433fa5184b5b94bfe6bcc256,14940,ibitinga,SP
461,5b179e9e8cc7ab6fd113a46ca584da81,5424,sao paulo,SP
462,5b664594895aefb418afaee6d40a9a23,25750,petropolis,RJ
463,5b8154610ebb21fb90eb587365e673df,12246,sao jose dos campos,SP
464,5b85809efd0d0e4dea1a9544e1280ed9,19020,presidente prudente,SP
465,5b925e1d006e9476d738aa200751b73b,4567,sao paulo,SP
466,5bc24d989e71e93c33e50a7782431b0e,37165,campo do meio,MG
467,5bffbafbb22daf6d3bfc216a46db8708,26525,nilopolis,RJ
468,5c243662ce92d84573bfaff24c3e3700,3702,sao paulo,SP
469,5c3460cd3e8a984382ae254e7dd20d9f,15085,sao jose do rio preto,SP
470,5c853bb56f70f4d14218944bae111d7a,6715,cotia,SP
471,5cbbd5a299cab112b7bf23862255e43e,83324,pinhais,PR
472,5cf13accae3222c70a9cac40818ae839,38700,patos de minas,MG
473,5d0363b33554b373851fc1622e4d5f3c,12952,atibaia,SP
474,5d3bb11474a06bdc23fb9e89f1164ee0,19804,assis,SP
475,5d9dc90a686a8fddacffab6bab5653a3,6513,santana de parnaiba,SP
476,5dceca129747e92ff8ef7a997dc4f8ca,13450,santa barbara dÂ´oeste,SP
477,5debea795b07621e1f90532e18f96145,86800,apucarana,PR
478,5ee7fd217d08dfe5d3e2f51f96a12c9a,13880,vargem grande do sul,SP
479,5f1dc28029d2c244352a68107ec2b542,5126,sao paulo,SP
480,5f3ae9136c875522250f8184f253413a,1550,sao paulo,SP
481,5f57db27027655e6c6a391601daa0258,29138,viana,ES
482,602044f2c16190c2c6e45eb35c2e21cb,14940,ibitinga,SP
483,6039e27294dc75811c0d8a39069f52c0,6162,osasco,SP
484,60562ab00b8054280520d390c8c0045c,4809,sao paulo,SP
485,6061155addc1e54b4cfb51c1c2a32ad8,13043,campinas,SP
486,609e1a9a6c2539919b8205cf7c4e6ff0,88359,brusque,SC
487,610f72e407cdd7caaa2f8167b0163fd8,1201,sao paulo,SP
488,612170e34b97004b3ba37eae81836b4c,93542,novo hamburgo,RS
489,615005a3ef192c00c6f0e977cee3d2bc,13304,itu,SP
490,6179a28a13a726c29b3bf54c070dccab,37048,varginha,MG
491,620c87c171fb2a6dd6e8bb4dec959fc6,25645,petropolis,RJ
492,6219ba2359cfb97f2e38fd4c321eb309,2110,sao paulo,SP
493,624f4ece8da4aafb77699233d480f8ef,5138,sao paulo,SP
494,62760d278921b5f352461620d68a9cee,13320,salto,SP
495,6338ea67c41078a46ad99cc009654956,95170,farroupilha,RS
496,633ecdf879b94b5337cca303328e4a25,4438,sao paulo,SP
497,634964b17796e64304cadf1ad3050fb7,21840,rio de janeiro,RJ
498,63a79f5a7eb5cb48a7e5787b141c7993,38701,patos de minas,MG
499,63b464dbf392c7b80d12d932fa7cafed,2034,sao paulo,SP
500,63b9ae557efed31d1f7687917d248a8d,13720,sao jose do rio pardo,SP
501,63ffcb71394dd8ea3872ed9ffda17c74,24813,itaborai,RJ
502,640e21a7d01df7614a3b4923e990d40c,14940,ibitinga,SP
503,643214e62b870443ccbe55ab29a4dccf,2134,sao paulo,SP
504,6481e96574816ead57975da2c0f6d80d,18072,sorocaba,SP
505,651fe66032c9520ee5587f694908040d,94810,alvorada,RS
506,655220df33262c7e0c4949a147366f94,9951,diadema,SP
507,6560211a19b47992c3666cc44a7e94c0,5849,sao paulo,SP
508,659e8466eb3ff1b0e8740d74fb7bbedd,45820,eunapolis,BA
509,65a7c0788e4d632ccb5e1b594b87f0bb,5782,sao paulo,SP
510,65febd49fd28ec955651299159b1f527,3275,sao paulo,SP
511,66922902710d126a0e7d26b0e3805106,31842,belo horizonte,MG
512,669ae81880e08f269a64487cfb287169,89160,rio do sul,SC
513,66dc1b1632bd6a3e508510c5b3492107,17210,jau,SP
514,66e0557ecc2b4dbea057e93f215f68d8,4771,sao paulo,SP
515,66fd84ee7528c0c0de85d0f44a73d5ab,98975,campina das missoes,RS
516,670c26e0f1bf8d0576271d5cfaec6d2b,87025,maringa,PR
517,671585f5a2af58b6e276bc01003c0d2b,80510,curitiba,PR
518,679769a98cfcc6da877c8486ff1c13f3,35162,ipatinga,MG
519,67bf6941ba2f1fa1d02c375766bc3e53,82400,curitiba,PR
520,681fce914360217db47784ae28905a96,83709,araucaria,PR
521,6860153b69cc696d5dcfe1cdaaafcf62,13360,capivari,SP
522,688756f717c462a206ad854c5027a64a,7094,guarulhos,SP
523,6973a06f484aacf400ece213dbf3d946,12230,sao jose dos campos,SP
524,698f5fa55a5f73d0740e9d9a773e8093,20751,rio de janeiro,RJ
525,6a38087bc8ad4f89ff453561005f6dea,75123,anapolis,GO
526,6a8b085f816a1f75f92dbac6eb545f8f,14709,bebedouro,SP
527,6aa3928696eab49a19a466e665a649fd,26285,nova iguacu,RJ
528,6b15924333bd1a741595fe981ea04822,9541,sao caetano do sul,SP
529,6b243f80ed07b10f0e8aa0f21a205f3c,81825,curitiba,PR
530,6b333a05bf188ef3e1f1662a86bd9855,72304,brasilia,DF
531,6b3bd31ad8fcda4b2635ec9f3ff2ecdf,22775,rio de janeiro,RJ
532,6b536a23086fba0d58c08d68814397f6,24346,niteroi,RJ
533,6b803197e03abd5056b4313306b4f29d,1123,sao paulo,SP
534,6ba4733aa33f6386e9fb0c0fd3993b38,95560,torres,RS
535,6bb0724edf0b62fb91ac404873a97241,6700,cotia,SP
536,6bb62a4912377c7bfe7cb17b406bc7e6,13215,jundiai,SP
537,6bbcb8924baf70b7fe2fe2097e8cd407,89031,blumenau,SC
538,6c177e38df6d3f34182b1f1d427231bf,80430,curitiba,PR
539,6c7d50c24b3ccd2fd83b44d8bb34e073,19025,presidente prudente,SP
540,6cd68b3ed6d59aaa9fece558ad360c0a,31255,belo horizonte,MG
541,6cf476a4ca74498db55cbccdaa9dcfb6,2873,sao paulo,SP
542,6d22a1fcebb6dd08c9cd90b92a93e8d0,89215,joinville,SC
543,6d66611d7c44cc30ce351abc49a68421,4378,sao paulo,SP
544,6d803cb79cc31c41c4c789a75933b3c7,14600,sao joaquim da barra,SP
545,6d988d6174a2c27441597174f8905515,87070,maringa,PR
546,6dd7dce75cd55c1ce255dc38d9f0cd46,88137,palhoca,SC
547,6ddc28b61be28373b4503a1f61cf98a9,3543,sao paulo,SP
548,6df688df543f90e9b38f4319e75a9d88,31230,belo horizonte,MG
549,6e4a902d1054e4e17aa6eab87fac1c75,18090,sorocaba,SP
550,6ec1a01e866584bb679eb9b098345919,11040,santos,SP
551,6edacfd9f9074789dad6d62ba7950b9c,7135,guarulhos,SP
552,6ee85be3693ed79a8e80718743d80655,3937,sao paulo,SP
553,6eeed17989b0ae47c9f11ece6f38ea90,4123,sao paulo,SP
554,6f229cc508fc6915ed5c499efd93baa4,21931,rio de janeiro,RJ
555,6f83d9e4da896daae20b9b6b2d3ff8d2,84925,pinhalao,PR
556,6f892e20a171e98efe17fdb971ff319b,8270,sao paulo,SP
557,6fd52c528dcb38be2eea044946b811f8,8180,sao paulo,SP
558,7008613ea464bad5cb9b83456e1e6a8f,89460,canoinhas,SC
559,70125af26c2d6d4ef401a1d02ae7701f,74435,goiania,GO
560,701938c450705b8ae65fc923b70f35c7,15014,s jose do rio preto,SP
561,7040e82f899a04d1b434b795a43b4617,1026,sao paulo,SP
562,709e16e2b25c7474d980076c6bfc4806,16200,birigui,SP
563,70a12e78e608ac31179aea7f8422044b,12327,jacarei,SP
564,70c27847eca8195c983ed7e798c56743,20930,rio de janeiro,RJ
565,70eea00b476a314817cefde4aad4f89a,13250,itatiba,SP
566,71039d19d4303bf9054d69e9a9236699,3018,sao paulo,SP
567,710e3548e02bc1d2831dfc4f1b5b14d4,86600,rolandia,PR
568,712e6ed8aa4aa1fa65dab41fed5737e4,89560,videira,SC
569,713e3a23ca5e47786eb6f0d99f94cfac,81050,curitiba,PR
570,7142540dd4c91e2237acb7e911c4eba2,16301,penapolis,SP
571,714b9a1332840f257b49f476bea4e341,15910,monte alto,SP
572,71592660bbcb6a4664e97b6f8b68babc,15055,sao jose do rio preto,SP
573,715bbd5ba4e6b74cb0d2f29eb45058b0,13930,serra negra,SP
574,7178f9f4dd81dcef02f62acdf8151e01,89560,videira,SC
575,717b78b0950b51ed00b1471d858b0edc,18220,alambari,SP
576,718539d38d07dd351c76db862760e2e2,13088,campinas,SP
577,7202e2ba20579a9bd1acb29e61fe71f6,14401,franca,SP
578,720e6cf846ea7572cbb66b743fb91e6c,8717,mogi das cruzes / sp,SP
579,7238a95bb63ef7e498389fb863b834a1,13487,limeira,SP
580,723cd880edaacdb998898b67c8f9da30,14940,ibitinga,SP
581,725c32fa80c2faacc4fc88450d27314e,3320,sao paulo,SP
582,7299e27ed73d2ad986de7f7c77d919fa,38440,araguari,MG
583,729b2d09b2a0bdab221076327f13d050,17320,mineiros do tiete,SP
584,729f06993dac8e860d4f02d7088ca48a,13481,limeira,SP
585,72c5da29406b4234927b81855e7b64f6,7077,guarulhos,SP
586,730937bf88cb151eb2eb849f642fc213,13500,rio claro,SP
587,7354220fb240bde543b3c40c060d41e7,71215,brasilia,DF
588,7357b52d27cbaa90f81a96cbc1279396,33400,lagoa santa,MG
589,739c7d7be81f63812dea0d1b1451c651,58400,campina grande,PB
590,73a63f72308aa20a46f4b1632018f196,82510,curitiba,PR
591,744dac408745240a2c2528fb1b6028f3,83408,colombo,PR
592,751bdc4d83a466c7206cd42e8f426b03,9405,ribeirao pires,SP
593,751e274377499a8503fd6243ad9c56f6,13097,campinas,SP
594,75745ef7bc7d4f3ea3380f6f5303f514,70384,brasilia,DF
595,75d34ebb1bd0bd7dde40dd507b8169c3,41820,salvador,BA
596,7681ef142fd2c19048da7430856b5588,7074,guarulhos,SP
597,768a86e36ad6aae3d03ee3c6433d61df,1529,sao paulo,SP
598,76d5af76d0271110f9af36c92573f765,3194,sao paulo,SP
599,76d64c4aca3a7baf218bf93ef7fa768d,80215,curitiba,PR
600,76ea5315acb3f5f7ade3cd261faf922a,4213,sao paulo,SP
601,7722b1df1b0e383e000397b2c11e3e19,9715,sao bernardo do campo,SP
602,77530e9772f57a62c906e1c21538ab82,80310,curitiba,PR
603,777a0c55737f34ffeb78010f7542ab41,1541,sao paulo,SP
604,778323240ce2830d68aab11794e00bfb,13600,sao paulo,SP
605,77a515caa36327151d1cc6c32a9f00e1,9912,diadema,SP
606,77e4abfd739aed9c46480f90f81c0eb4,70767,brasilia,DF
607,784ba75dd9d20200c4caed3d7a77141a,1040,sao paulo,SP
608,788e857f317e53de488d393e65a80f45,8280,sao paulo,SP
609,78c99c6dff4eeae5be99bf635ed21e3f,17510,marilia,SP
610,7901646fdd36a55f564ffaf2dbccaaf7,20021,rio de janeiro,RJ
611,79565f7d5603b24ddf07ade262547f2f,14804,araraquara,SP
612,79ebd9a61bac3eaf882805ed4ecfa12a,85802,cascavel,PR
613,79ee721b6f766066a80264402548d359,17011,bauru,SP
614,7a241947449cc45dbfda4f9d0798d9d0,37590,jacutinga,MG
615,7a2d2949aea47fab95fd98d6c9f618b1,81350,curitiba,PR
616,7a425d299613df3e613bcf9d2eaf5c49,22790,rio de janeiro,RJ
617,7a67c85e85bb2ce8582c35f2203ad736,3426,sao paulo,SP
618,7a9c12e235c36247c3c81f50d6ea9cea,9541,sao caetano do sul,SP
619,7aa4334be125fcdd2ba64b3180029f14,18500,laranjal paulista,SP
620,7aa538dd6e114e503a2e6154ea352253,15807,catanduva,SP
621,7ad32824caee82087b3e2e5f33b1bf32,14940,ibitinga,SP
622,7ad41305e96a6cab8294cd65891e9a86,28810,rio bonito,SP
623,7adbd3210a7b3cc2235e225eef33574d,2544,sao paulo,SP
624,7ade73f1b9b4e965f9009a4c3a7e2c15,17051,bauru,SP
625,7b07b3c7487f0ea825fc6df75abd658b,2016,sao paulo,SP
626,7b0df942f46435babab05d49b744b2c4,12924,braganca paulista,SP
627,7b1222c3624aa89b9558b50a2594188c,15041,sao jose do rio preto,SP
628,7b7ed56ae755e2880f2b69632e839c1e,74230,goiania,GO
629,7c1fea10b5b006671d608b1d7c446ec4,18550,boituva,SP
630,7c4402417d51474d4d0cda9557340e40,9530,sao caetano do sul,SP
631,7c4618c82226628831613e95e9c22f44,18136,sao roque,SP
632,7c67e1448b00f6e969d365cea6b010ab,8577,itaquaquecetuba,SP
633,7d13fca15225358621be4086e1eb0964,14050,ribeirao preto,SP
634,7d294cf9a6a69dc6a0c3e540fff0e039,88390,barra velha,SC
635,7d456afc660226829370f3173d14520c,8820,mogi das cruzes,SP
636,7d76b645482be4a332374e8223836592,1511,sao paulo,SP
637,7daca0837f033a41a6f3428c18657533,15170,tanabi,SP
638,7dc8c42cc750eeafea6c85712ffee9bf,5424,sao paulo,SP
639,7ddcbb64b5bc1ef36ca8c151f6ec77df,4403,sao paulo,SP
640,7e1fb0a3ebfb01ffb3a7dae98bf3238d,14403,franca,SP
641,7e3f87d16fb353f408d467e74fbd8014,4809,sao paulo,SP
642,7e93a43ef30c4f03f38b393420bc753a,6429,barueri,SP
643,7ea5bfa6c340f58f8e71fc1f0412b0d6,30180,belo horizonte,MG
644,7ecd59e5e20407131822c1a68ac59c1f,70719,brasilia,DF
645,7ecef8194babfec876ca720714327841,13041,campinas,SP
646,7f152321c60a266edc53af1925ef96c1,88801,criciuma,SC
647,7f2617c58d5d06806987308b45654351,4571,sao paulo,SP
648,7f7b8245c336066a1f9933c359f11d77,13800,mogi mirim,SP
649,7fc87cc3e89b3d1d5cabdca32f8485aa,7123,guarulhos,SP
650,7ff588a03c2aeae4fbd23f9ae64b760d,7183,guarulhos,SP
651,80e6699fe29150b372a0c8a1ebf7dcc8,83323,pinhais,PR
652,813348c996469b40f2e028d5429d3495,13206,jundiai,SP
653,81336a0f57a33776419727a300249e90,13560,sao carlos,SP
654,8160255418d5aaa7dbdc9f4c64ebda44,14940,ibitinga,SP
655,817245bcc3badd82bbd222e0366951a6,17056,bauru,SP
656,817f85dbb65aa3e70831d90fe75cdf89,18530,tiete,SP
657,818d28f936e791926d33bcb6ee94ef79,4141,sao paulo,SP
658,81a1104df0f08b59c68aa5b03cfe398e,83020,sao jose dos pinhais,PR
659,81f89e42267213cb94da7ddc301651da,19063,presidente prudente,SP
660,821fb029fc6e495ca4f08a35d51e53a5,2030,sao paulo,SP
661,822166ed1e47908f7cfb49946d03c726,25803,tres rios,RJ
662,827f8f69dfa529c561901c4f2e0f332f,81880,curitiba,PR
663,82bd0703a4aefd6b599e5bfdaed378fb,17510,marilia,SP
664,82cb9f452fe8334df74b22d37824b431,95013,caxias do sul,RS
665,82e0a475a88cc9595229d8029273f045,3417,sao paulo,SP
666,834f3294fba9f932f56edc879193f925,14808,araraquara,SP
667,834f8533b2ecb6598dd004ff3de7203a,5181,sao paulo,SP
668,835f0f7810c76831d6c7d24c7a646d4d,8030,sao paulo,SP
669,83deb69e889cf80f82be1dc6d5f2d486,88056,florianopolis,SC
670,83e197e95a1bbabc8c75e883ed016c47,25900,mage,RJ
671,8444e55c1f13cd5c179851e5ca5ebd00,37584,congonhal,MG
672,850913d59ce317156b00f3705f1c3edb,12942,atibaia,SP
673,850f4f8af5ea87287ac68de36e29107f,4367,sao paulo,SP
674,855668e0971d4dfd7bef1b6a4133b41b,13257,itatiba,SP
675,8581055ce74af1daba164fdbd55a40de,7112,guarulhos,SP
676,85d9eb9ddc5d00ca9336a2219c97bb13,31255,belo horizonte,MG
677,8629c241b3622ac12cd4118afdc8d394,14090,ribeirao preto,SP
678,863d2ebcd347ce4922de7a0f9a5581d6,21041,rio de janeiro,RJ
679,8648b1e89e9b349e32d3741b30ec737e,12308,jacarei,SP
680,86bb7c4b535e49a541baf3266b1c95b1,14401,franca,SP
681,86ccac0b835037332a596a33b6949ee1,89041,blumenau,SC
682,870d0118f7a9d85960f29ad89d5d989a,37708,pocos de caldas,MG
683,87142160b41353c4e5fca2360caf6f92,90230,porto alegre,RS
684,87e24fc7052259b1f7f607d61c10d8be,5734,sao paulo,SP
685,883dd81e82754ac2c65e9790a7db8c9a,81070,curitiba,PR
686,88460e8ebdecbfecb5f9601833981930,87030,maringa,PR
687,888faa8bfb0b159c37de6d898b961c31,88750,braco do norte,SC
688,891071be6ba827b591264c90c2ae8a63,3872,sao paulo,SP
689,897060da8b9a21f655304d50fd935913,14092,ribeirao preto,SP
690,89a51f50b8095ea78d5768f34c13a76f,71931,brasilia,DF
691,89bc797e2e29667aa035d4368f9b7f92,2969,sao paulo,SP
692,89c127985a8b130cfa45c1d36764017a,6016,osasco,SP
693,89f69225956f951295ca4c7fb1266553,27700,vassouras,RJ
694,8a2d12a90e92f012ce5226fc6592b653,81210,curitiba,PR
695,8a32e327fe2c1b3511609d81aaf9f042,2443,sao paulo,SP
696,8a40ae794fa3f9892cee24bd5af0488b,82620,curitiba,PR
697,8a432f4e5b471f8da497d7dc517666e2,19042,presidente prudente,SP
698,8a9260f2b0340411d6d2a56bcf4f7378,32180,contagem,MG
699,8ab42aa58097fd4668d60cc648225d5f,74150,goiania,GO
700,8ae520247981aa06bc94abddf5f46d34,88370,navegantes,SC
701,8b2492b7ff4468839593fafeed55bad9,24451,sao goncalo,RJ
702,8b28d096634035667e8263d57ba3368c,12243,sao jose dos campos,SP
703,8b2d4ab22f42c5cfc338b846decfda60,83820,fazenda rio grande,PR
704,8b321bb669392f5163d04c59e235e066,1212,sao paulo,SP
705,8b9d6eec4a7eb7d0f9d579ce0b38324d,26562,mesquita,RJ
706,8bb48dc19fccaa8613b6229bf7f452a2,19803,assis,SP
707,8bd0f31cf0a614c658f6763bd02dea69,1222,sao paulo,SP
708,8c16d1f32a54d92897cc437244442e1b,89023,blumenau,SC
709,8c351ed7c326c62123318f4f3246e906,11701,praia grande,SP
710,8cbac7e12637ed9cffa18c7875207478,89254,jaragua do sul,SC
711,8d79c8a04e42d722a75097ce5cbcf2ef,61658,caucaia,CE
712,8d956fec2e4337affcb520f56fd8cbfd,9780,sao bernardo do campo,SP
713,8daab2245ebdc277c51098d01c5ad8ef,8411,sao paulo,SP
714,8def3db7f272735afb2ecd03aeca09a7,28035,rio de janeiro,RJ
715,8e6cc767478edae941d9bd9eb778d77a,38442,araguari,MG
716,8e6d7754bc7e0f22c96d255ebda59eba,12233,sao jose dos campos,SP
717,8e8a7ce9f2f970dc00e2acf6f6e199f6,24710,sao goncalo,RJ
718,8ed8ea9a57c862f2c18c2fe41f601d56,89030,blumenau,SC
719,8f2ce03f928b567e3d56181ae20ae952,5141,pirituba,SP
720,8f54d64f28a993550aa7943f12572959,35160,ipatinga,MG
721,8f580d36c1e9d6fbce95283403c7d447,14090,ribeirao preto,SP
722,8f78f0903005064036736c7173a5c2ed,36325,tiradentes,MG
723,8fb67a334bacec338885b4e9e1708073,85905,toledo,PR
724,8fdca8e349553f99bc738833a62c8802,2189,sao paulo,SP
725,900ba814c251a692506d7834c1218441,13328,salto,SP
726,903037660cf848a717166eb7a06d616e,5734,sao paulo,SP
727,918717417d88a9f9ae9735567e6c7682,5547,sao paulo,SP
728,91f0eec23d4a61d7d7caeefa3f0ad1ca,88704,tubarao,SC
729,91f848e9f4be368f4318775aac733370,3029,sao paulo,SP
730,921323538c9f1c4e816f2720eac02bea,1319,sao paulo,SP
731,92eb0f42c21942b6552362b9b114707d,3504,sao paulo,SP
732,939e6227d6964a11a70aa91243e418f2,36408,conselheiro lafaiete,MG
733,939f6e231201f26803cb5c3a3d2940b3,17051,bauru,SP
734,93b9a99027bd8bd6af682aff18dd19bf,7600,mairipora,SP
735,93bef6edaa84956e8e575016449b6351,3568,sao paulo,SP
736,93dc87703c046b603023e75222018b45,30315,belo horizonte,MG
737,94144541854e298c2d976cb893b81343,94451,viamao,RS
738,94e93ce877be27a515118dbfd2c2be41,15502,votuporanga,SP
739,951e8cef368f09bb3f3d03c00ca4702c,14940,ibitinga,SP
740,9535a841eecebed61a9fb1ac1cbb5597,1208,sao paulo,SP
741,955fee9216a65b617aa5c0531780ce60,4782,sao paulo,SP
742,9596c870880d900012f2e8e6e30d06d7,37074,varginha,MG
743,95b293867b5862941c9cd74f756a3c68,8223,sao paulo,SP
744,95e03ca3d4146e4011985981aeb959b9,21210,rio de janeiro,RJ
745,95ec4458365c4d11f452ccf538377619,13481,limeira,SP
746,95f83f51203c626648c875dd41874c7f,37564,borda da mata,MG
747,960945e1a9535cbc0cd6ddd35fbe7ae8,8290,sao paulo,SP
748,9616352088dcf83a7c06637f4ebf1c80,87504,umuarama,PR
749,9646c3513289980f17226a2fc4720dbd,12215,sao jose dos campos,SP
750,96493fab2fbb13a14d0c0e8772eef5c3,5537,sao paulo,SP
751,966cb4760537b1404caedd472cc610a5,9920,diadema,SP
752,9674754b5a0cb32b638cec001178f799,4438,sao paulo,SP
753,968268a686aa05d1f529fb07dff08130,1530,sao paulo,SP
754,972d0f9cf61b499a4812cf0bfa3ad3c4,88359,brusque,SC
755,973f21788dfab357250f69a8dcb7ddee,35530,claudio,MG
756,974cf2cb8f4b7add98709c30df02fe10,14802,araraquara,SP
757,97512d3fc193b2d1dfcdba0f9d1f0f8a,8270,sao paulo,SP
758,977f9f63dd360c2a32ece2f93ad6d306,14910,tabatinga,SP
759,9803a40e82e45418ab7fb84091af5231,75901,rio verde,GO
760,980640c45d7a4635885491d077167e4d,13501,rio claro,SP
761,985c92cc412091f8529c12d7f23d3fef,36300,sao joao del rei,MG
762,98dac6635aee4995d501a3972e047414,2030,sao paulo,SP
763,99002261c568a84cce14d43fcffb43ea,78095,cuiaba,MT
764,9906e7aa42a3c067b7c9a564d01c4320,87065,maringa,PR
765,994f04b3718c2bab35c2adfa8afecd2a,13912,jaguariuna,SP
766,99a54764c341d5dc80b4a8fac4eba3fb,3273,sao paulo,SP
767,99eaacc9e6046db1c82b163c5f84869f,14400,franca,SP
768,9a1aea68d3efa00862ec88c0768037d0,15806,catanduva,SP
769,9a84ba99f5367fdbd4598363496f1ea2,72801,luziania,GO
770,9aa388272ee334b6ae07bc73706e254a,36886,muriae,MG
771,9add47bf45ce8e8c7db6b9cf670b1e09,83830,fazenda rio grande,PR
772,9b00ed88b7fdb95d6ff76e27c1b52d16,8215,sao paulo,SP
773,9b013e03b2ab786505a1d3b5c0756754,11450,vicente de carvalho,SP
774,9b1f656ca3060f8af17a50d8a024b533,11013,santos,SP
775,9bade61a92bed55a25d2b67b9f4ed739,83005,sao jose dos pinhais,PR
776,9baf5cb77970f539089d09a38bcec5c3,13330,indaiatuba,SP
777,9bcdfa7b615b3abb9461d9e3ad9886ae,89053,blumenau,SC
778,9c0e69c7bf2619675bbadf47b43f655a,12230,sao jose dos campos,SP
779,9c690ceacd5c66731bf443ea810195cb,37650,camanducaia,MG
780,9d39404483343dd55c7ae254494d8388,1044,sao paulo,SP
781,9d4db00d65d7760644ac0c14edb5fd86,18025,sorocaba,SP
782,9d5a9018aee56acb367ba9c3f05d1d6a,74930,aparecida de goiania,GO
783,9d681c7e12db302cb261e721040dde65,80330,curitiba,PR
784,9d69ba0a7a626a64dc5db08e529559cf,14075,ribeirao preto,SP
785,9dda5bbacd45e18d6485fee649205d09,37540,santa rita do sapucai,MG
786,9de4643a8dbde634fe55621059d92273,89225,joinville,SC
787,9e6229250fedbe05838fef417b74e7fb,16800,mirandopolis,SP
788,9e94fa26a70ede4d26226e918e8706a2,13570,sao carlos,SP
789,9f50216bfd01913736a55a11b55ea842,12020,taubate,SP
790,9f505651f4a6abe901a56cdc21508025,4102,sao paulo,SP
791,9fe7c6641c79970ab48185498f547c09,3147,sao paulo,SP
792,a00824eb9093d40e589b940ec45c4eb0,18590,bofete,SP
793,a0415d9b25ede3c4b1e477e9916ffc03,26255,nova iguacu,RJ
794,a066df7361163e7ddc5d7452dd17448b,14401,franca,SP
795,a080fc8a850289b27500f6b49cca2553,3382,sao paulo,SP
796,a0d7fbb07bb5ebc3b05980e750db56f3,8500,ferraz de vasconcelos,SP
797,a1043bafd471dff536d0c462352beb48,37175,ilicinea,MG
798,a13580f0e8f782b7a543885a0ef99f08,22790,rio de janeiro,RJ
799,a13aaf2d2886ab9fb30fb9a920160b8f,89207,joinville,SC
800,a1544b9ea0b2390e020537d4daa89049,13211,jundiai,SP
801,a17f621c590ea0fab3d5d883e1630ec6,18055,sorocaba,SP
802,a1bea7061f61f6fdd9a85a6325ba1033,6311,carapicuiba / sao paulo,SP
803,a2a41aedb70551d4a85aa04dc2fced48,4447,sao paulo,SP
804,a2b5b6105ea5942300631d2e76f4ffe0,6283,osasco,SP
805,a2deecd5398f5df4987110c80a1972a3,5043,sao paulo,SP
806,a3082f442524a1be452e3189e003b361,81560,curitiba,SP
807,a369d693961cb93b61ca2cc518872a85,15081,sao jose do rio preto,SP
808,a36ac007a4d18f865c8d32c3b2402c2d,6455,barueri,SP
809,a3a38f4affed601eb87a97788c949667,89204,joinville,SC
810,a3dd39f583bc80bd8c5901c95878921e,41342,salvador,BA
811,a3e9a2c700480d9bb01fba070ba80a0e,14940,ibitinga,SP
812,a416b6a846a11724393025641d4edd5e,3702,sao paulo,SP
813,a420f60ff1aa9acc80d0e42959f2b313,5138,sao paulo,SP
814,a425f92c199eb576938df686728acd20,81050,curitiba,PR
815,a44fb5a447105f8469bdf16bf9159f25,91920,porto alegre,RS
816,a49928bcdf77c55c6d6e05e09a9b4ca5,3017,sao paulo,SP
817,a4b6b9b992b46e9ef863637af96e04bc,88090,florianopolis,SC
818,a56a8043ebf66e42119618fb8cf232c6,89219,joinville,SC
819,a5a1bfcf728ab0e19182959cf0771ee4,13960,socorro,SP
820,a5cba26a62b8b4d0145b68b841e62e7f,87303,campo mourao,PR
821,a673821011d0cec28146ea42f5ab767f,3809,sao paulo,SP
822,a69aa24cec11168e7e39a3fbc727e925,6330,carapicuiba,SP
823,a6bd7d1ccdac48c6b33b28596b7eb122,58280,mamanguape,PB
824,a6fe7de3d16f6149ffe280349a8535a0,14401,franca,SP
825,a72c2f59332659e361d647515c698798,95270,flores da cunha,RS
826,a7d0f8dd44f57ef6de7f7f02e3d82630,3225,sao paulo,SP
827,a7f13822ceb966b076af67121f87b063,8577,itaquaquecetuba,SP
828,a8739afb32aaa45e01815ca76f76f54b,9850,sao bernardo do campo,SP
829,a888faf2d1baececa6baf9c3d603ee1f,87502,umuarama,PR
830,a938325a4b357fd23a6a4d5bb126408e,26510,nilopolis,RJ
831,aa762680c40618316a896838866140ea,82510,curitiba,PR
832,aac29b1b99776be73c3049939652091d,38408,uberlandia,MG
833,aac51c486b672a9850d59f3e84b1cf88,2752,sao paulo,SP
834,aae3bfea055532c57fb453ed3ec80b30,9271,santo andre,SP
835,aaed1309374718fdd995ee4c58c9dfcd,89120,timbo,SC
836,aafe36600ce604f205b86b5084d3d767,88115,sao jose,SC
837,aba1721a889e04decc910aa13b768ef4,5729,sao paulo,SP
838,abcd2cb37d46c2c8fb1bf071c859fc5b,78020,cuiaba,MT
839,abe42c5d03695b4257b5c6cbf4e6784e,21235,rio de janeiro,RJ
840,ac3508719a1d8f5b7614b798f70af136,92030,canoas,RS
841,ac6417315ae5da8f9a38ee11de6f7780,7400,aruja,SP
842,ac9b01377919cdbd2a1bbb8d5837c70b,8773,mogi das cruzes,SP
843,acb6c2ca5c82411c1fdb88d5fd5eb95e,3423,sao paulo,SP
844,acce39e832338debb07b02385cde5967,32110,contagem,MG
845,aced59e9b31ef866a94f9e7f29d8d418,3306,sao paulo,SP
846,ad420dd0c4f92f8af951ac24b86d0cf5,38230,fronteira,MG
847,ad738d3fcf42655ed15c4960b7b6c601,93425,novo hamburgo,RS
848,ad781527c93d00d89a11eecd9dcad7c1,15015,sao jose do rio preto,SP
849,ad87df7699e83b8a91822a4a0b765c3a,13820,jaguariuna,SP
850,ad8ada0ffa993cb1197d102d9ab21a3e,38445,araguari,MG
851,ad97a199236354e53fcd91a5a913e9a2,88350,brusque,SC
852,adbc26658d6c7b4b6219f9d934598091,81770,curitiba,PR
853,adcf50477d6a1f5d91bb9d54c4903cb5,35530,claudio,MG
854,ade45994b717ccee333492330fbf037b,87505,umuarama,PR
855,aded58c8142dedc5494a81f948431fab,22051,rio de janeiro,RJ
856,ae45df84722b1d15c5f32b23a095746c,3062,sao paulo,SP
857,ae8bfdbf1c2a2a2dee92d799db0a31c6,85900,toledo,PR
858,af3ef48d0e13835e529c29ac573c63e5,14802,araraquara,SP
859,af4a0e4cfe1d9c26b6712b1be25a72e5,35670,mateus leme,MG
860,afa6714acee029b2dfdf357e5579cc03,13690,descalvado,SP
861,b05b432bf68945d4d9783f9e3ca29ee8,16200,birigui,SP
862,b0b346d3a89f5eb4c2968af3f083cd43,13105,campinas,SP
863,b14db04aa7881970e83ffa9426897925,18048,sorocaba,SP
864,b17b679f4f5ce2e03ce6968c62648246,14090,ribeirao preto,SP
865,b18dc380845b24038cfc48006478f099,9951,diadema,SP
866,b19f3ca2ea475913750f25a5c37c8d8f,35501,divinopolis,MG
867,b1a81260566c1bac3114a6d124413f27,99500,carazinho,RS
868,b1b3948701c5c72445495bd161b83a4c,3390,sao paulo,SP
869,b1fc4f64df5a0e8b6913ab38803c57a9,24440,sao goncalo,RJ
870,b2479f944e1b90cf8a5de1bbfde284d6,14940,ibitinga,SP
871,b2ac621f0d0322434d04a12b078b9369,80220,curitiba,PR
872,b2ba3715d723d245138f291a6fe42594,3470,sao paulo,SP
873,b2eecf5ea250510da76590ca79d60e5d,3318,sao paulo,SP
874,b32be1695eb7ec5f10f72d9610a12527,95012,caxias do sul,RS
875,b335c59ab742f751a85db9c411a86739,38442,araguari,MG
876,b33aaadd1a8891d2dfef0c4c3bdf0371,13481,limeira,SP
877,b33e7c55446eabf8fe1a42d037ac7d6d,14850,pradopolis,SP
878,b347677812ea483b0f528eaf8cbc09b7,82540,curitiba,PR
879,b372ee768ed69e46ca8cdbd267aa7a38,15013,sao jose do rio preto,SP
880,b39d7fe263ef469605dbb32608aee0af,14940,ibitinga,SP
881,b410bdd36d5db7a65dcd42b7ead933b8,74645,goiania,GO
882,b45d7ebfb7378630f1bcd74b6ff86ff7,30285,belo horizonte,MG
883,b494891378bd8f4560abe576c52deacd,4160,sao paulo,SP
884,b499c00f28f4b7069ff6550af8c1348a,13481,limeira,SP
885,b4ffb71f0cb1b1c3d63fad021ecf93e1,3880,sao paulo,SP
886,b55638ad525e906c698fa2ce742c1742,88780,imbituba,SC
887,b561927807645834b59ef0d16ba55a24,2955,sao paulo,SP
888,b56906f7fd1696e043f1bcce164c487b,19830,echapora,SP
889,b5e3e38609125694d2ea2417522a60b7,88020,florianopolis,SC
890,b6d44737c043328708f6749c2dbe50bd,9230,santo andre,SP
891,b6dc74ed30f124f95227bed4e43a3bed,86702,arapongas,PR
892,b6e1504972665f739dec4facb9943775,13405,piracicaba,SP
893,b76dba6c951ab00dc4edf0a1aa88037e,3237,sao paulo,SP
894,b76f4d90e85657a240495c876313adc5,13185,hortolandia,SP
895,b7e1750c1157341d2abd0251e07c186b,5741,sao paulo,SP
896,b839e41795b7f3ad94cc2014a52f6796,9541,sao caetano do sul,SP
897,b83cedfb587e7911540e3f576d6917ce,4870,sao paulo,SP
898,b8555308bfdb4ca1ed54325a58da9a97,9751,sao bernardo do campo,SP
899,b8bc237ba3788b23da09c0f1f3a3288c,88303,itajai,SC
900,b906dd0e57f282c7089171b6ed07982e,87083,parana,PR
901,b92e3c8f9738272ff7c59e111e108d7c,36502,uba,MG
902,b94cc9f10ddc85e4ba73a6f7974e7101,27930,macae,RJ
903,ba143b05f0110f0dc71ad71b4466ce92,2274,sao paulo,SP
904,ba5daa4041e1f15cdf34b76e3e18a450,4363,sao paulo,SP
905,ba6b4a237f92479743cf0ca06b67a9ac,23550,rio de janeiro,RJ
906,ba6ce6de456f6c11d08c17701ba5c26f,18044,sorocaba,SP
907,ba89796db68db180bd389de96b2ff3b6,5763,sao paulo,SP
908,ba90964cff9b9e0e6f32b23b82465f7b,7140,guarulhos,SP
909,bacb1f0ed56ad24198f5810d2b3fe9a5,12328,jacarei,SP
910,bafc5aa11e413978be29040f51342e70,30130,belo horizonte,MG
911,bb135baca94c82fcb731335ad5b04a03,4362,sao paulo,SP
912,bb2afe2061d53c6968aa0cffa233a8ec,4307,sao paulo,SP
913,bb7a14e229b1c95156719c3d9552eeee,23095,rio de janeiro,RJ
914,bba74270a87732727b5a3b4fd9ac1c39,32604,betim,MG
915,bbad7e518d7af88a0897397ffdca1979,1512,sao paulo,SP
916,bbd3acfe6de99892e73940d3fdceaf68,9111,santo andre,SP
917,bbf9ad41dca6603e614efcdad7aab8c4,60348,fortaleza,CE
918,bc07d855eac23aab5ac8a120f21d16b2,8710,mogi das cruzes,SP
919,bc302730ea8cf49b5c74f579febb5bbf,13015,campinas,SP
920,bc47d5d1490df2b36add65d733eafaba,9163,santo andre,SP
921,bca9230d3bbb4efa51872bf605a2f1ad,4296,sao paulo,SP
922,bccf933e006e9b94a6184af782963e77,19806,assis,SP
923,bd0389da23d89b726abf911cccc54596,71691,brasilia,DF
924,bd15ee794d5e640d9dd71b665b2ab15b,14078,ribeirao preto,SP
925,bd23da7354813347129d751591d1a6e2,3971,sao paulo,SP
926,bdae679a9b282249bc23b9b69dae9a99,72210,brasilia,DF
927,be8e909810184b9b19e886129149d8e5,13418,piracicaba,SP
928,be9a160a9011f627c3e121d076c1ec7b,89256,jaragua do sul,SC
929,beadbee30901a7f61d031b6b686095ad,7097,guarulhos,SP
930,bf100ecb7997df312b285358fb32f92c,83070,sao jose dos pinhais,PR
931,bf3c6d2a28b2b5501e6c15448982dcc9,4180,sao paulo,SP
932,bf84056e679dbe9c69929847a40e338f,2537,sao paulo,SP
933,bfd27a966d91cfaafdb25d076585f0da,13930,serra negra,SP
934,c003204e1ab016dfa150abc119207b24,7790,cajamar,SP
935,c00396cbdd2e088fe4281baa5920aef1,83535,campo magro,PR
936,c013e57c075a06e5b5c48ee03c525719,13568,sao carlos,SP
937,c0563dd588b775f2e37747ef6ad6c92c,9220,santo andre,SP
938,c113b8df1fc375bc3d73d29c1b1144d1,8021,sao paulo,SP
939,c13fb473e7cb8b83ccd543c094df0608,5319,sao paulo,SP
940,c1d1ebb4745cc43cb6f05e9c8a705c9a,8070,sao paulo,SP
941,c24173065483e421f9e5e7f599de101d,3548,sao paulo,SP
942,c26a2be5b53b7db6b276280da212a779,28630,nova friburgo,RJ
943,c2d70ce2c5d0a2eb75e78668236e6dc8,4275,sao paulo,SP
944,c31eff8334d6b3047ed34bebd4d62c36,13322,salto,SP
945,c33847515fa6305ce6feb1e818569f13,88359,brusque,SC
946,c33a5c3c983090c8b78a28e65052a20d,88802,criciuma,SC
947,c3867b4666c7d76867627c2f7fb22e21,14580,guara,SP
948,c3acdfac4e3e97ff87529454fbc03642,5705,sao paulo,SP
949,c3cfdc648177fdbbbb35635a37472c53,80610,curitiba,PR
950,c42fd8e4d47dfb18ce5222f2dd7752f9,6246,osasco,SP
951,c458e2045a8aa8964f8879af03fdcce6,9572,sao caetano do sul,SP
952,c4af86330efa7a2620772227d2d670c9,8840,mogi das cruzes,SP
953,c510bc1718f0f2961eaa42a23330681a,13330,indaiatuba,SP
954,c5ebe6598748b0aeaa61cfb820478b92,95910,lajeado,RS
955,c66dccfb3f109511246da627dd5a2498,11900,registro,SP
956,c68fb906c8f4b4b946d8386bfa6e5467,14870,jaboticabal,SP
957,c6bda72e4dbf5c5866b13cb1810c6d03,3087,sao paulo,SP
958,c70c1b0d8ca86052f45a432a38b73958,13186,hortolandia,SP
959,c72de06d72748d1a0dfb2125be43ba63,46430,guanambi,BA
960,c731d18cea9bf687ffee82a241c25b11,89701,concordia,SC
961,c826c40d7b19f62a09e2d7c5e7295ee2,7133,guarulhos,SP
962,c8417879a15366a17c30af34c798c332,4445,sao paulo,SP
963,c84592044b180dec206770c38603814b,1026,sao paulo,SP
964,c847e075301870dd144a116762eaff9a,38022,uberaba,MG
965,c864036feaab8c1659f65ea4faebe1da,83605,campo largo,PR
966,c8660dcf9ba70575f45d80fe28c27713,2040,sao paulo,SP
967,c878515173c84a492ebe50d6b493230b,85880,itaipulandia,PR
968,c87abc38c8ed3240861729e1aeadf221,5713,sao paulo,SP
969,c89cf7c468a48af70aada384e722f9e2,25730,petropolis,RJ
970,c8b0e2b0a7095e5d8219575d5e7e1181,8598,itaquaquecetuba,SP
971,c8b3445d737de6befde0c88ede534a5e,5734,sao paulo,SP
972,c9aafcd0621b2207c10e32c649cada4d,8011,sao paulo,SP
973,c9c7905cffc4ef9ff9f113554423e671,6871,itapecerica da serra,SP
974,ca3bd7cd9f149df75950150d010fe4a2,4361,sao paulo,SP
975,ca4b77513ac2040591b0d8fae6958380,9190,sando andre,SP
976,caa9bc43a9fe8cf9c564ddd8a03cc4a6,12308,jacarei,SP
977,cab85505710c7cb9b720bceb52b01cee,2252,sao paulo,SP
978,cac4c8e7b1ca6252d8f20b2fc1a2e4af,13347,indaiatuba,SP
979,cb3dd9ce66268c7a3ca7241ac70ab58c,3028,sao paulo,SP
980,cb6c9f5888a7a090c75beaf615925792,29100,vila velha,ES
981,cb8bcce248bb1fb274ba762d8b971456,37540,santa rita do sapucai,MG
982,cbd996ad3c1b7dc71fd0e5f5df9087e2,15081,sao jose do rio preto,SP
983,cc419e0650a3c5ba77189a1882b7556a,9015,santo andre,SP
984,cc5a78bbad32776dc4e3af205218368c,35501,divinopolis,MG
985,cc63f0dd2acba93ffed4fe9f8e0321fa,15025,sao jose do rio preto,SP
986,cca3071e3e9bb7d12640c9fbe2301306,14940,ibitinga,SP
987,ccc4bbb5f32a6ab2b7066a4130f114e3,80310,curitiba,PR
988,cce6ab8d1682639fe45ab70234f1665f,81020,curitiba,SP
989,cd06602b43d8800bd0afad514919d35c,4119,sao paulo,SP
990,cd68562d3f44870c08922d380acae552,14050,ribeirao preto,SP
991,cd6efc47efaabf134f8bdb654e10b4f1,23050,rio de janeiro,RJ
992,cda598c48d7c614bc1cad7d8ff6f0010,15137,mirassol,SP
993,ce248b21cb2adc36282ede306b7660e5,89251,jaragua do sul,SC
994,ce27a3cc3c8cc1ea79d11e561e9bebb6,3006,sao paulo,SP
995,ce616e1913288884e7742faac9d981db,6711,cotia,SP
996,ce69a8021d18961dd2a40269b7c2c293,81070,curitiba,PR
997,ce7d1888639e6fb06b2749cbfdac1ff7,37443,baependi,MG
998,cea729054f157f5870bdd321a958d994,3161,sao paulo,SP
999,ceaec5548eefc6e23e6607c5435102e7,3821,sao paulo,SP
1000,cee48807215b30a12ca2ca10ffb5f250,11431,guaruja,SP
1001,cf8ab1616079e2793aa29d524df01bb1,4088,sao paulo,SP
1002,cfb1a033743668a192316f3c6d1d2671,18110,votorantim,SP
1003,cfd7ddab722b902f7ac5b5f3ba6d723d,32372,contagem,MG
1004,cfe94489ddd337d1e29e12f2a7205d10,3178,sao paulo,SP
1005,d03698c2efd04a549382afa6623e27fb,45658,ilheus,BA
1006,d05ae8f7a5bd1d2a690a44cd079e4e27,22775,rio de janeiro,RJ
1007,d06d019f72a04e5497a0b64190af170c,6703,cotia,SP
1008,d12c926d74ceff0a90a21184466ce161,2634,sao paulo,SP
1009,d13e50eaa47b4cbe9eb81465865d8cfc,9210,santo andre,SP
1010,d180e07dc1e58c31c3f0cd599dc4d945,30620,belo horizonte,MG
1011,d197aa8fbc64087f61984deef05f6227,12224,sao jose dos campos,SP
1012,d1b65fc7debc3361ea86b5f14c68d2e2,13844,mogi guacu,SP
1013,d1c281d3ae149232351cd8c8cc885f0d,14940,ibitinga,SP
1014,d1c7fa84e48cfa21a0e595167c1c500e,99730,jacutinga,RS
1015,d1ef48b38baca7e831711c4a0aeb398f,86800,apucarana,PR
1016,d20b021d3efdf267a402c402a48ea64b,14940,ibitinga,SP
1017,d23019c84ffae2d5ef2270367b8605fc,86073,londrina,PR
1018,d2374cbcbb3ca4ab1086534108cc3ab7,14940,ibitinga,SP
1019,d2e753bb80b7d4faa77483ed00edc8ca,45810,porto seguro,BA
1020,d2f3e277560ed4c6361284429b00f037,12942,atibaia,SP
1021,d354c38a7182125a748cb10474fe963b,28495,aperibe,RJ
1022,d3674f271c91f824f82d24d92011f669,72233,brasilia,DF
1023,d36b07fd3c5088e477a72d1fccfe29d4,18200,itapetininga,SP
1024,d379f449f2a3b271bc01c0782020f705,35500,divinopolis,MG
1025,d3f39f05462b79a4562d35893a28f159,13730,mococa,SP
1026,d4910f1cdcfdabd48d6b316e395d4a23,9190,santo andre,SP
1027,d4a5e99e0dd915df64ba55a7fbd583fd,5041,sao paulo,SP
1028,d4e12e7884759a14fa0f5f896c791cae,2242,sao paulo,SP
1029,d50d79cb34e38265a8649c383dcffd48,8290,sao paulo,SP
1030,d51e0a403fe2e689ece6c73359d96e12,17580,pompeia,SP
1031,d558ebe531605a1285ab2b1bc3256dfb,35501,divinopolis,MG
1032,d566c37fa119d5e66c4e9052e83ee4ea,4131,sao paulo,SP
1033,d57e18d5f73c7ccb7f7339b61166898d,3613,sao paulo,SP
1034,d5ba419e26d246a0719437cf37d9b46d,3437,sao paulo,SP
1035,d5c530f4884a75ae0dba9c148718d278,35660,centro,MG
1036,d624126b9206f595fb3fbb6ba03b28a8,80045,curitiba,PR
1037,d650b663c3b5f6fb392b6326366efa9a,6713,cotia,SP
1038,d66c305afaec317ebee552073a674429,33936,ribeirao das neves,MG
1039,d673a59aac7a70d8b01e6902bf090a11,14940,ibitinga,SP
1040,d6b1ce66b035a475f00c017792ff9769,13327,salto,SP
1041,d8c7ba53e7e38711eaef8c2849d6d2e1,87120,floresta,PR
1042,d8dd176509baa37f359644d082bf7f7b,9570,sao caetano do sul,SP
1043,d91fb3b7d041e83b64a00a3edfb37e4f,11704,praia grande,SP
1044,d921b68bf747894be13a97ae52b0f386,35570,formiga,MG
1045,d93844a9c55ba7ce353388bcf849ea56,82320,curitiba,PR
1046,d93919c944be9cff128f6c9cb899eacb,13375,mombuca,SP
1047,d9442042130b7fe579d1295f9f4a248f,3550,sao paulo,SP
1048,d94a40fd42351c259927028d163af842,37443,baependi,MG
1049,d94ba08b99bedd6a5f6c875ecc4a6fac,86800,apucarana,PR
1050,d98eec89afa3380e14463da2aabaea72,90010,porto alegre,RS
1051,d9a84e1403de8da0c3aa531d6d108ba6,3562,sao paulo,SP
1052,d9bd94811c3338dceb4181f3dbc0c73e,4186,sao paulo,SP
1053,d9e8c084b68fe958861d8f2c21202e6b,5528,sao paulo,SP
1054,da7039f29f90ce5b4846ffc0fcc93beb,9041,santo andre,SP
1055,da8622b14eb17ae2831f4ac5b9dab84a,13405,piracicaba,SP
1056,db2956745b3a8e9f3785c99f34b5d25e,11600,sao sebastiao,SP
1057,db4350fd57ae30082dec7acbaacc17f9,3126,sao paulo,SP
1058,db46ca7bce82b11f7e247539271fc390,23080,rio de janeiro,RJ
1059,dbb9b48c841a0e39e21f98e1a6b2ec3e,3929,sao paulo,SP
1060,dbc22125167c298ef99da25668e1011f,37564,borda da mata,MG
1061,dbd66278cbfe1aa1000f90a217ca4695,5588,sao paulo,SP
1062,dbdd0ec73a4817971d962698f2fea022,60710,fortaleza,CE
1063,dbec9a0a7efeff029d4d9dce7dc4cc95,31920,belo horizonte,MG
1064,dc317f341ab0e22f39acbd9dbf9b4a1f,94910,cachoeirinha,RS
1065,dc4a0fc896dc34b0d5bfec8438291c80,14940,ibitinga,SP
1066,dc8798cbf453b7e0f98745e396cc5616,5455,sao paulo,SP
1067,dd2bdf855a9172734fbc3744021ae9b9,31255,belo horizonte,MG
1068,dd7ddc04e1b6c2c614352b383efe2d36,3471,sao paulo,SP
1069,de23c3b98a88888289c6f5cc1209054a,5530,sao paulo,SP
1070,de66a66f2dd06bb9ec37aa96987466a3,20910,rio de janeiro,RJ
1071,de722cd6dad950a92b7d4f82673f8833,51250,recife,PE
1072,de9727ca376d1be6ec121b110aa7954c,87114,sarandi,PR
1073,dee656f0f566ed1aa85bd137c943f08f,12701,cruzeiro,SP
1074,df0f42bc4c2142eacf0eaf2cffd0cfbb,88306,itajai,SC
1075,df560393f3a51e74553ab94004ba5c87,87900,loanda,PR
1076,df56d7b40d437f88407c5f78b63bc328,85812,cascavel,PR
1077,dfa0c4c6229ab200a4a1336b4d7128ff,88085,florianopolis,SC
1078,dfc5fb7259bb2b599ca565e6e9448f0f,9780,sao bernardo do campo,SP
1079,e067ad2c1c0b48758eb1b5228bcf7a68,11045,santos,SP
1080,e0878efa0e0b7e5313ac0b43bc04c081,80230,curitiba,PR
1081,e09887ca8c7bf8a4621ce481820414ef,8431,sao paulo,SP
1082,e0a366315b1b726b6c7832d664c0f530,2258,sao paulo,SP
1083,e21a1e8be4715b0fcfd5385643bc49c4,88715,jaguaruna,SC
1084,e24fc9fcd865784fb25705606fe3dfe7,12913,braganca paulista,SP
1085,e250d617a0ad591ba9bd663e584a895d,7084,guarulhos,SP
1086,e256a62e0ac58c0edfba09966142d561,81320,curitiba,PR
1087,e26901d5ab434ce92fd9b5c256820a4e,9350,maua,SP
1088,e2aee0892199b1d92530e371abd825bf,86600,rolandia,PR
1089,e333046ce6517bd8bb510291d44f0130,18950,ipaussu,SP
1090,e38db885400cd35c71dfd162f2c1dbcf,70740,brasilia,DF
1091,e3a386fc36e22064434e1fa256f6a9fa,13165,engenheiro coelho,SP
1092,e3d3b3efac954a60d61be70b7e05b49b,3370,sao paulo,SP
1093,e45edf75f568ed2f93f78d060e246e25,22790,rio de janeiro,RJ
1094,e48b04bf1aa1ef711caebeb7aede6180,80240,curitiba,PR
1095,e49c26c3edfa46d227d5121a6b6e4d37,55325,brejao,PE
1096,e4ebd3f87bf70440014f07ddda7fbe03,19470,presidente epitacio,SP
1097,e504a4e2efaa45cbff7e268a2c58c956,13520,sao pedro,SP
1098,e5475dcab1e07b63d7f6e902d8f5eda8,9921,diadema,SP
1099,e59aa562b9f8076dd550fcddf0e73491,82810,curitiba,PR
1100,e5a3438891c0bfdb9394643f95273d8e,13483,limeira,SP
1101,e5a38146df062edaf55c38afa99e42dc,1233,sao paulo,SP
1102,e5e33c0d8e7e002f398f5dc4cbbb338f,17032,bauru,SP
1103,e601b04acf48b4576e73ddca9481f0dc,4476,sao paulo,SP
1104,e62b2d6ac10570a035a30bafcf01d263,5767,sao paulo,SP
1105,e63e8bfa530fb16910dd6956e592bb81,7160,guarulhos,SP
1106,e644cbadf7eeb30d0d29f335ce7d52ec,3029,sao paulo,SP
1107,e64d65bc8dbec2accda90c58de5d1246,13500,rio claro,SP
1108,e70053bf73d1b5863932e53a9fa47496,5059,sao paulo,SP
1109,e7d5b006eb624f13074497221eb37807,9291,santo andre,SP
1110,e81e1f9c3e762e620f3fb60a51499e16,89520,curitibanos,SC
1111,e88165a185134e13fdfc85d4fa654db8,8517,ferraz de  vasconcelos,SP
1112,e882b2a25a10b9c057cc49695f222c19,25963,teresopolis,RJ
1113,e883aa812c37a7413226856f4579fe91,6696,itapevi,SP
1114,e89c4adbe7b1d0819dbb636e16461cf1,13347,indaiatuba,SP
1115,e8a85b5f3df47be0984c55fd4064dbb4,71825,brasilia,DF
1116,e8b3a3a38279a82f0e5d006d5e5b7d2c,87230,jussara,PR
1117,e8b4225284fbb02d16f200513f1f395d,14960,novo horizonte,SP
1118,e94b64dc6979b302a5a5be1662c83bb6,6852,itapecerica da serra,SP
1119,e96498ed8daaa3e9c23f7a62da76591c,5373,sao paulo,SP
1120,e9779976487b77c6d4ac45f75ec7afe9,11701,praia grande,SP
1121,e99e927c81e3f51739c94fcdfca9f10f,38400,uberlandia,MG
1122,e9bc59e7b60fc3063eb2290deda4cced,87083,maringa,PR
1123,e9d99831abad74458942f21e16f33f92,3542,sao paulo,SP
1124,e9e446d01bd10a97a8ffcfc4a3a20cb2,2261,sao paulo,SP
1125,ea566164622c6b439516ab18062c42cd,5303,sao  paulo,SP
1126,ea67327e24487bdfac5fbfa37ea124df,14940,ibitinga,SP
1127,ea8482cd71df3c1969d7b9473ff13abc,4160,sao paulo,SP
1128,eb4df17aed01d918c65f0f8d650900c0,13140,paulinia,SP
1129,eb5b6204dde3a6e03b5f1bb8479f055b,6900,embu guacu,SP
1130,eba88037e1dca898cd02881f67ced679,3647,sao paulo,SP
1131,ebd2d60905fb58271facef5596b620d3,18683,lencois paulista,SP
1132,ec21206b7894c503788a684a7bc822a6,28950,armacao dos buzios,RJ
1133,ec4608a1f76453166bb312b2968aeaf4,13660,porto ferreira,SP
1134,ec80e49e69745ab6c14f984bf2149423,13480,limeira,SP
1135,ec8879960bd2221d5c32f8e12f7da711,13253,itatiba,SP
1136,ec933281fb017b5020d06df29c3f77e8,3820,sao paulo,SP
1137,ececbfcff9804a2d6b40f589df8eef2b,14407,franca,SP
1138,ed4311e67debd72b8610a5347a743087,7170,guarulhos,SP
1139,ed4acab38528488b65a9a9c603ff024a,8260,sao paulo,SP
1140,ed859002ad59dbf8cf3602696a6c3000,86035,londrina,PR
1141,edb1ef5e36e0c8cd84eb3c9b003e486d,25957,teresopolis,RJ
1142,edc518ba25576a0188a0e8f2c3af186f,7023,guarulhos,SP
1143,ede0c03645598cdfc63ca8237acbe73d,14092,ribeirao preto,SP
1144,edf96ef93ed595084bbcbd9224bd2894,1545,sao paulo,SP
1145,ee27a8f15b1dded4d213a468ba4eb391,74210,goiania,GO
1146,eeb6de78f79159600292e314a77cbd18,88501,lages,SC
1147,ef0ace09169ac090589d85746e3e036f,24451,sao goncalo,RJ
1148,ef2fbc2b607d8492bcffe657a4645434,20051,rio de janeiro,RJ
1149,ef506c96320abeedfb894c34db06f478,3569,sao paulo,SP
1150,ef990a83bbea832f36ebe81376335aa8,89214,joinville,SC
1151,efcd8d2104f1a05d028af7bad20d974b,16012,aracatuba,SP
1152,f00e21b1e91a79653163b7fd8f293ff1,37795,andradas,SP
1153,f0b47fbbc6dee9aafe415a6e33051b3f,9360,maua,SP
1154,f12ff17ad8bbf01ec5c33b17e506649b,3186,sao paulo,SP
1155,f18112da765e0971ca5d510dec322bdd,88351,brusque,SC
1156,f181738b150df1f37cb0bd72e705b193,6317,carapicuiba,SP
1157,f1b93673502375d491780bb49d615dbc,12228,sao jose dos campos,SP
1158,f205b1a3ca9a34e0f8a228bae6e4c7b3,94965,cachoeirinha,RS
1159,f25e239052084705e17a982bc600ab2a,1123,sao paulo,SP
1160,f262cbc1c910c83959f849465454ddd3,3564,sao paulo,SP
1161,f27e33c6d29b5138fa9967bcd445b6d5,4273,sao paulo,SP
1162,f326006815956455b2859abd58fe7e39,15601,fernandopolis,SP
1163,f3295428338a40977a03f555246a70f4,29032,vitoria,ES
1164,f3975e8a41157005d4bcbb358678cd9b,89870,pinhalzinho,SC
1165,f3b80352b986ab4d1057a4b724be19d0,71200,brasilia,DF
1166,f3da5b2ff499efb8d4a6d371d175d7dd,2407,sao paulo,SP
1167,f419677537694f0462a91990df6ca44f,9750,sao bernardo do campo,SP
1168,f41ce2e25237f9092cd8e6e7516c7a2f,7013,guarulhos,SP
1169,f44b6f775a2b390380e0e30b5c9d3eee,3057,sao paulo,SP
1170,f45122a9ab94eb4f3f8953578bc0c560,13419,piracicaba,SP
1171,f457c46070d02cadd8a68551231220dd,87047,maringa,PR
1172,f46490624488d3ff7ce78613913a7711,7194,guarulhos,SP
1173,f4a04f7be452aa3bb31760bf00055dd0,9010,santo andre,SP
1174,f4aba7c0bca51484c30ab7bdc34bcdd1,1031,sao paulo,SP
1175,f4ce8ca9fa7157e3b33f536ac9a4487d,16306,penapolis,SP
1176,f52c2422904463fdd7741f99045fecb6,9230,santo andre/sao paulo,SP
1177,f5403d3f50089112c4eed37928b7f622,15600,fernandopolis,SP
1178,f5a590cf36251cf1162ea35bef76fe84,9720,sao bernardo do campo,SP
1179,f5f1f2c5f923f36ad79ea1d07185ddc9,19820,taruma,SP
1180,f5f46307a4d15880ca14fab4ad9dfc9b,89165,rio do sul,SC
1181,f61c63d13f7cd800549d5acdd390ae72,18185,pilar do sul,SP
1182,f62d7bb4a613ec758a03342d46b580b2,36570,vicosa,MG
1183,f680f85bee2d253556ac91be391d2c82,6365,carapicuiba,SP
1184,f76a3b1349b6df1ee875d1f3fa4340f0,3275,sao paulo,SP
1185,f7720c4fa8e3aba4546301ab80ea1f1b,81350,curitiba,PR
1186,f783a638e9c6af4a7d0dbfde811e7a81,3063,sao paulo,SP
1187,f789d2c4f2c2eb38fc4373e7a4b35264,36010,juiz de fora,MG
1188,f7ba60f8c3f99e7ee4042fdef03b70c4,9628,sao bernardo do campo,SP
1189,f7ccf836d21b2fb1de37564105216cc1,14940,ibitinga,SP
1190,f80edd2c5aaa505cc4b0a3b219abf4b8,3431,sao paulo,SP
1191,f84a00e60c73a49e7e851c9bdca3a5bb,20756,rio de janeiro,RJ
1192,f84fa566034f5e8e880a07ec624c56af,13330,indaiatuba,SP
1193,f8db351d8c4c4c22c6835c19a46f01b0,13324,salto,SP
1194,f9244d45189d3a3605499abddeade7d5,3029,sao paulo,SP
1195,f92d8c817434bd2d84d4e9c61322b7fa,18048,sorocaba,SP
1196,fa1a9dec3a9940c072684a46728bf1fc,88820,icara,SC
1197,fa1c13f2614d7b5c4749cbc52fecda94,13170,sumare,SP
1198,fa3a0b5aabb344b9a92e3524b0202123,83020,sao jose dos pinhais,SP
1199,fa40cc5b934574b62717c68f3d678b6d,2310,sao paulo,SP
1200,fa74b2f3287d296e9fbd2cc80f2d1cf1,19023,presidente prudente,SP
1201,fac35d150712afb921ec59ac5f39bb11,38650,bonfinopolis de minas,MG
1202,fadb07c842a2aef5d5a676b85f220e71,15052,sao jose do rio preto,SP
1203,fb89df7f89fd1b8f03fa2acca1ba7364,85853,foz do iguacu,PR
1204,fbc14c0cf93505ef89f64665ffa4a7b5,14150,serrana,SP
1205,fc38b5dceee1a730fad8853453437fbd,13073,campinas,SP
1206,fc906263ca5083d09dce42fe02247800,31030,belo horizonte,MG
1207,fc99f99385ae90f66f01733856fb88c9,18550,boituva,SP
1208,fcb5ace8bcc92f75707dc0f01a27d269,7032,guarulhos,SP
1209,fcdd820084f17e9982427971e4e9d47f,14075,ribeirao preto,SP
1210,fd386aa7bed2af3c7035c65506c9b4a3,4208,sao paulo,SP
1211,fdaaf5bfda82b7b80535610c831b8d09,15015,sao jose do rio preto,SP
1212,fdb9095204a334cd8872252ffec6f2db,3331,sao paulo,SP
1213,fde0cc9ea29c8ccfc0a2c22256a58c71,81650,curitiba,PR
1214,fe2032dab1a61af8794248c8196565c9,13030,campinas,SP
1215,febab0275244b9a49a623f0bd613ca2f,13920,pedreira,SP
1216,fec6275253471ace26d209bbaa64cd0f,28605,nova friburgo,RJ
1217,ff063b022a9a0aab91bad2c9088760b7,9171,santo andre,SP
1218,ff1e15b778c700abdd4d239b81ac466d,81260,curitiba,PR
1219,ff1fb4c404b2efe68b03350a8dc24122,8710,mogi das cruzes,SP
1220,ffa6adafb71b807dc13159e26431354c,86030,londrina,PR
1221,fffd5413c0700ac820c7069d66d98c89,13908,amparo,SP
1222,ffff564a4f9085cd26170f4732393726,13070,campinas,SP
